cell_tower_id1,cell_tower_id2,source1_name,source2_name,district1,district2,latitude1,latitude2,longitude1,longitude2,nearest_precip_station,distance,nearest_precip_lat,nearest_precip_long,id_1,id_2,PathLength,frequency1,frequency2,frequency_band
GM0167,GM0576,Biyagama_EPZ-GM0167-26G/1268-24-ODU-1(RTNRF-1),MAS_Intimo_Biyagama_IBS-GM0576-26G/1268-24-ODU-1(RTNRF-1),Gampaha,Gampaha,6.953889,6.959444,80.007778,79.949167,curw_IBATTARA2,8.494851477639637,6.908,79.919,533,1758,6.505900787304113," 25,126.50 "," 26,134.50 ",26
CM0165,CM0977,Ratmalana-CM0165-26G/1239-24-ODU-1(RTNRF-1),Huludagoda_Road-CM0977-26G/1239-24-ODU-1(RTNRF-1),Colombo,Colombo,6.83251,6.831111,79.8677,79.873611,curw_IBATTARA2,9.977230913582035,6.908,79.919,1116,2341,0.6714365251025421," 26,134.50 "," 25,126.50 ",26
GM0167,GM0576,Biyagama_EPZ-GM0167-26G/1268-23-ODU-1(RTNRF-1),MAS_Intimo_Biyagama_IBS-GM0576-26G/1268-23-ODU-1(RTNRF-1),Gampaha,Gampaha,6.953889,6.959444,80.007778,79.949167,curw_IBATTARA2,8.494851477639637,6.908,79.919,532,1757,6.505900787304113," 25,126.50 "," 26,134.50 ",26
GM0005,GM0311,Biyagama-GM0005-18G/1599-23-ODU-1(RTNRF-1),Ganewatta_Mobitel-GM0311-18G/1599-23-ODU-1(RTNRF-1),Gampaha,Gampaha,6.96481,6.950281,80.0093,79.976872,curw_IBATTARA2,9.851619661696516,6.908,79.919,659,1884,3.927201442860413," 18,765.00 "," 17,755.00 ",18
CM0165,CM0977,Ratmalana-CM0165-26G/1239-23-ODU-1(RTNRF-1),Huludagoda_Road-CM0977-26G/1239-23-ODU-1(RTNRF-1),Colombo,Colombo,6.83251,6.831111,79.8677,79.873611,curw_IBATTARA2,9.977230913582035,6.908,79.919,1115,2340,0.6714365251025421," 26,134.50 "," 25,126.50 ",26
GM0005,GM0311,Biyagama-GM0005-18G/1599-24-ODU-1(RTNRF-1),Ganewatta_Mobitel-GM0311-18G/1599-24-ODU-1(RTNRF-1),Gampaha,Gampaha,6.96481,6.950281,80.0093,79.976872,curw_IBATTARA2,9.851619661696516,6.908,79.919,660,1885,3.927201442860413," 18,765.00 "," 17,755.00 ",18
CM0156,CM0721,Mt_Lavinia-CM0156-23G/1449-23-ODU-1(RTNRF-1),Mt_Lavinia_Hotel_Ind-CM0721-23G/1449-23-ODU-1(RTNRF-1),Colombo,Colombo,6.84257,6.83317,79.8669,79.8619,curw_IBATTARA2,9.826891149216236,6.908,79.919,254,1479,1.1773250940052395," 23,086.00 "," 21,854.00 ",23
CM0156,CM0721,Mt_Lavinia-CM0156-23G/1449-24-ODU-1(RTNRF-1),Mt_Lavinia_Hotel_Ind-CM0721-23G/1449-24-ODU-1(RTNRF-1),Colombo,Colombo,6.84257,6.83317,79.8669,79.8619,curw_IBATTARA2,9.826891149216236,6.908,79.919,255,1480,1.1773250940052395," 23,086.00 "," 21,854.00 ",23
CM0156,CM0338,Mt_Lavinia-CM0156-26G/1207-23-ODU-1(RTNRF-1),Watarappola-CM0338-26G/1207-23-ODU-1(RTNRF-1),Colombo,Colombo,6.84257,6.83911,79.8669,79.8708,curw_IBATTARA2,9.267497874794278,6.908,79.919,908,2133,0.5764033323188705," 26,050.50 "," 25,042.50 ",26
GM0034,GM0206,Mawaramandiya-GM0034-26G/1373-23-ODU-1(RTNRF-1),Makola_South-GM0206-26G/1373-23-ODU-1(RTNRF-1),Gampaha,Gampaha,6.98662,6.98275,79.9757,79.967583,curw_ambatale,6.034428666815838,6.935762,79.947458,812,2037,0.9937985541167553, / , / ,26
GM0022,GM0127,Kadawatha-GM0022-18G/602-24-ODU-1(RTNRF-1),Kadawatha_North-GM0127-18G/602-24-ODU-1(RTNRF-1),Gampaha,Gampaha,7.00115,7.02531,79.9452,79.9638,curw_ambatale,8.602502938227927,6.935762,79.947458,892,2117,3.3708408495145346," 18,737.50 "," 17,727.50 ",18
GM0034,GM0235,Mawaramandiya-GM0034-18G/518-24-ODU-1(RTNRF-1),Weboda_South-GM0235-18G/518-24-ODU-1(RTNRF-1),Gampaha,Gampaha,6.98662,6.999,79.9757,80.0061,curw_ambatale,7.927667451200561,6.935762,79.947458,931,2156,3.627404845105741," 17,755.00 "," 18,765.00 ",18
GM0126,GM0319,Kadawatha_South-GM0126-18G/808-24-ODU-1(RTNRF-1),Gonahena_East-GM0319-18G/808-24-ODU-1(RTNRF-1),Gampaha,Gampaha,6.99,6.99601,79.9575,79.9917,curw_ambatale,7.005100891935366,6.935762,79.947458,82,1307,3.8369972333483418," 18,765.00 "," 17,755.00 ",18
GM0034,GM0492,Mawaramandiya_Dialog-GM0034-23G/1660-23-ODU-1(RTNRF-1),Gonahena_Reloc-GM0492-23G/1660-23-ODU-1(RTNRF-1),Gampaha,Gampaha,6.98662,7.003333,79.9757,79.978333,curw_ambatale,7.317959951807188,6.935762,79.947458,911,2136,1.8710608745836403," 23,114.00 "," 21,882.00 ",23
GM0042,GM0190,Ragama-GM0042-23G/581-24-ODU-1(RTNRF-1),Kurukulawa-GM0190-23G/581-24-ODU-1(RTNRF-1),Gampaha,Gampaha,7.03004,7.01456,79.9243,79.9285,curw_ambatale,9.84911541976814,6.935762,79.947458,759,1984,1.773728073505036," 23,086.00 "," 21,854.00 ",23
GM0005,GM0150,Biyagama-GM0005-18G/1356-24-ODU-1(RTNRF-1),Mapitigama-GM0150-18G/1356-24-ODU-1(RTNRF-1),Gampaha,Gampaha,6.96481,6.92638,80.0093,80.0428,curw_ambatale,8.752945176316068,6.935762,79.947458,942,2167,5.636255381430076," 18,765.00 "," 17,755.00 ",18
GM0042,GM0190,Ragama-GM0042-23G/581-23-ODU-1(RTNRF-1),Kurukulawa-GM0190-23G/581-23-ODU-1(RTNRF-1),Gampaha,Gampaha,7.03004,7.01456,79.9243,79.9285,curw_ambatale,9.84911541976814,6.935762,79.947458,758,1983,1.773728073505036," 23,086.00 "," 21,854.00 ",23
GM0034,GM0359,Mawaramandiya-GM0034-23G/1439-23-ODU-1(RTNRF-1),Siyambalape_North-GM0359-23G/1439-23-ODU-1(RTNRF-1),Gampaha,Gampaha,6.98662,6.9825,79.9757,79.9889,curw_ambatale,6.629277812720026,6.935762,79.947458,604,1829,1.5280941368078234," 23,086.00 "," 21,854.00 ",23
GM0118,GM0113,Malwana-GM0118-18G/875-23-ODU-1(RTNRF-1),Dekatana-GM0113-18G/875-23-ODU-1(RTNRF-1),Gampaha,Gampaha,6.95196,6.97406,80.0225,80.0383,curw_ambatale,9.64831964745926,6.935762,79.947458,268,1493,3.0036266266063745," 17,782.50 "," 18,792.50 ",18
GM0034,GM0359,Mawaramandiya-GM0034-23G/1439-24-ODU-1(RTNRF-1),Siyambalape_North-GM0359-23G/1439-24-ODU-1(RTNRF-1),Gampaha,Gampaha,6.98662,6.9825,79.9757,79.9889,curw_ambatale,6.629277812720026,6.935762,79.947458,605,1830,1.5280941368078234," 23,086.00 "," 21,854.00 ",23
GM0034,GM0235,Mawaramandiya-GM0034-18G/518-23-ODU-1(RTNRF-1),Weboda_South-GM0235-18G/518-23-ODU-1(RTNRF-1),Gampaha,Gampaha,6.98662,6.999,79.9757,80.0061,curw_ambatale,7.927667451200561,6.935762,79.947458,930,2155,3.627404845105741," 17,755.00 "," 18,765.00 ",18
GM0126,GM0693,Kadawatha South Dialog-GM0126-23G/1657-23-ODU-1(RTNRF-1),Kadawatha_Town_North-GM0693-23G/1657-23-ODU-1(RTNRF-1),Gampaha,Gampaha,6.99,7.010658,79.9575,79.957789,curw_ambatale,7.228683214557597,6.935762,79.947458,141,1366,2.284807297396566," 21,882.00 "," 23,114.00 ",23
GM0034,GM0492,Mawaramandiya_Dialog-GM0034-23G/1660-24-ODU-1(RTNRF-1),Gonahena_Reloc-GM0492-23G/1660-24-ODU-1(RTNRF-1),Gampaha,Gampaha,6.98662,7.003333,79.9757,79.978333,curw_ambatale,7.317959951807188,6.935762,79.947458,912,2137,1.8710608745836403," 23,114.00 "," 21,882.00 ",23
GM0126,GM0319,Kadawatha_South-GM0126-18G/808-23-ODU-1(RTNRF-1),Gonahena_East-GM0319-18G/808-23-ODU-1(RTNRF-1),Gampaha,Gampaha,6.99,6.99601,79.9575,79.9917,curw_ambatale,7.005100891935366,6.935762,79.947458,81,1306,3.8369972333483418," 18,765.00 "," 17,755.00 ",18
GM0034,GM0152,Mawaramandiya-GM0034-18G/1070-23-ODU-1(RTNRF-1),Weboda-GM0152-18G/1070-23-ODU-1(RTNRF-1),Gampaha,Gampaha,6.98662,7.01538,79.9757,79.9951,curw_ambatale,8.3445019656683,6.935762,79.947458,279,1504,3.8355168821777768," 17,782.50 "," 18,792.50 ",18
GM0022,GM0127,Kadawatha-GM0022-18G/602-23-ODU-1(RTNRF-1),Kadawatha_North-GM0127-18G/602-23-ODU-1(RTNRF-1),Gampaha,Gampaha,7.00115,7.02531,79.9452,79.9638,curw_ambatale,8.602502938227927,6.935762,79.947458,891,2116,3.3708408495145346," 18,737.50 "," 17,727.50 ",18
GM0034,GM0683,Mawaramandiya-GM0034-18G/1777-23-ODU-1(RTNRF-1),Meegahawatta-GM0683-18G/1777-23-ODU-1(RTNRF-1),Gampaha,Gampaha,6.98662,6.990472,79.9757,80.002083,curw_ambatale,7.418808390888543,6.935762,79.947458,294,1519,2.9462266038126796, / , / ,18
GM0034,GM0152,Mawaramandiya-GM0034-18G/1070-24-ODU-1(RTNRF-1),Weboda-GM0152-18G/1070-24-ODU-1(RTNRF-1),Gampaha,Gampaha,6.98662,7.01538,79.9757,79.9951,curw_ambatale,8.3445019656683,6.935762,79.947458,280,1505,3.8355168821777768," 17,782.50 "," 18,792.50 ",18
GM0005,GM0150,Biyagama-GM0005-18G/1356-23-ODU-1(RTNRF-1),Mapitigama-GM0150-18G/1356-23-ODU-1(RTNRF-1),Gampaha,Gampaha,6.96481,6.92638,80.0093,80.0428,curw_ambatale,8.752945176316068,6.935762,79.947458,941,2166,5.636255381430076," 18,765.00 "," 17,755.00 ",18
GM0005,GM0587,Biyagama-GM0005-23G/1416-23-ODU-1(RTNRF-1),Peragashandiya-GM0587-23G/1416-23-ODU-1(RTNRF-1),Gampaha,Gampaha,6.96481,6.960833,80.0093,79.996389,curw_ambatale,6.813000205306493,6.935762,79.947458,707,1932,1.4929702970781458," 23,058.00 "," 21,826.00 ",23
JA0003,JA0095,Jaffna_SLT-JA0003-15G/800-25-ODU-1(RTNRF-1),Allapiddy-JA0095-15G/800-25-ODU-1(RTNRF-1),Jaffna,Jaffna,9.66563,9.621944,80.006,79.9675,curw_jaffna,5.090300418506648,9.6607949,80.0298459,427,1652,6.418980509009531," 15,047.00 "," 14,557.00 ",15
JA0097,JA0015,Nallur_North-JA0097-23G/1032-24-ODU-1(RTNRF-1),Thirunalveli-JA0015-23G/1032-24-ODU-1(RTNRF-1),Jaffna,Jaffna,9.68633,9.68893,80.0419,80.0274,curw_jaffna,3.0145768104079744,9.6607949,80.0298459,695,1920,1.6170421896956062," 21,882.00 "," 23,114.00 ",23
JA0057,JA0136,Nunavil-JA0057-18G/671-23-ODU-1(RTNRF-1),Koyilakkandi-JA0136-18G/671-23-ODU-1(RTNRF-1),Jaffna,Jaffna,9.66789,9.6475,80.1355,80.098333,curw_jaffna,9.562292154571535,9.6607949,80.0298459,74,1299,4.661080806663205," 17,755.00 "," 18,765.00 ",18
JA0097,JA0029,Nallur_North-JA0097-23G/1034-23-ODU-1(RTNRF-1),Nallur-JA0029-23G/1034-23-ODU-1(RTNRF-1),Jaffna,Jaffna,9.68633,9.67653,80.0419,80.0323,curw_jaffna,2.417223132436601,9.6607949,80.0298459,842,2067,1.5115811776886923," 23,058.00 "," 21,826.00 ",23
JA0014,JA0043,Kokkuwil-JA0014-23G/1038-23-ODU-1(RTNRF-1),Inuwil-JA0043-23G/1038-23-ODU-1(RTNRF-1),Jaffna,Jaffna,9.71101,9.72239,80.019,80.0236,curw_jaffna,6.254141963717592,9.6607949,80.0298459,1145,2370,1.3561372923264452," 21,882.00 "," 23,114.00 ",23
JA0097,JA0015,Nallur_North-JA0097-23G/1032-23-ODU-1(RTNRF-1),Thirunalveli-JA0015-23G/1032-23-ODU-1(RTNRF-1),Jaffna,Jaffna,9.68633,9.68893,80.0419,80.0274,curw_jaffna,3.0145768104079744,9.6607949,80.0298459,694,1919,1.6170421896956062," 21,882.00 "," 23,114.00 ",23
JA0005,JA0066,Manipai-JA0005-23G/1040-25-ODU-1(RTNRF-1),Anaicottai-JA0066-23G/1040-25-ODU-1(RTNRF-1),Jaffna,Jaffna,9.72078,9.700556,79.997,79.997778,curw_jaffna,6.566299148810689,9.6607949,80.0298459,954,2179,2.23852178347161," 21,938.00 "," 23,170.00 ",23
JA0097,JA0138,Nallur_North-JA0097-23G/1537-24-ODU-1(RTNRF-1),Thirunerveli_Town_Dialog-JA0138-23G/1537-24-ODU-1(RTNRF-1),Jaffna,Jaffna,9.68633,9.682581,80.0419,80.024519,curw_jaffna,2.642902654712773,9.6607949,80.0298459,1171,2396,1.9520028320830345," 23,086.00 "," 21,854.00 ",23
JA0097,JA0124,Nallur_North-JA0097-23G/705-24-ODU-1(RTNRF-1),Nallur_East-JA0124-23G/705-24-ODU-1(RTNRF-1),Jaffna,Jaffna,9.68633,9.672222,80.0419,80.0425,curw_jaffna,2.4528964493567336,9.6607949,80.0298459,703,1928,1.5618135033512892," 23,058.00 "," 21,826.00 ",23
JA0022,JA0003,Chundukuli MTU-JA0022-18G/1159-25-ODU-1(RTNRF-1),Jaffna_SLT-JA0003-18G/1159-25-ODU-1(RTNRF-1),Jaffna,Jaffna,9.65571,9.66563,80.0335,80.006,curw_jaffna,1.108123042834522,9.6607949,80.0298459,559,1784,3.211408031229942," 17,855.00 "," 18,865.00 ",18
JA0097,JA0138,Nallur_North-JA0097-23G/1537-23-ODU-1(RTNRF-1),Thirunerveli_Town_Dialog-JA0138-23G/1537-23-ODU-1(RTNRF-1),Jaffna,Jaffna,9.68633,9.682581,80.0419,80.024519,curw_jaffna,2.642902654712773,9.6607949,80.0298459,1170,2395,1.9520028320830345," 23,086.00 "," 21,854.00 ",23
JA0005,JA0059,Manipai-JA0005-18G/1171-24-ODU-1(RTNRF-1),Araly-JA0059-18G/1171-24-ODU-1(RTNRF-1),Jaffna,Jaffna,9.72078,9.707778,79.997,79.947778,curw_jaffna,8.64602502565918,9.6607949,80.0298459,801,2026,5.589485277467113," 17,727.50 "," 18,737.50 ",18
JA0014,JA0043,Kokkuwil-JA0014-23G/1038-25-ODU-1(RTNRF-1),Inuwil-JA0043-23G/1038-25-ODU-1(RTNRF-1),Jaffna,Jaffna,9.71101,9.72239,80.019,80.0236,curw_jaffna,6.254141963717592,9.6607949,80.0298459,1146,2371,1.3561372923264452," 21,882.00 "," 23,114.00 ",23
JA0003,JA0095,Jaffna_SLT-JA0003-15G/800-23-ODU-1(RTNRF-1),Allapiddy-JA0095-15G/800-23-ODU-1(RTNRF-1),Jaffna,Jaffna,9.66563,9.621944,80.006,79.9675,curw_jaffna,5.090300418506648,9.6607949,80.0298459,426,1651,6.418980509009531," 15,047.00 "," 14,557.00 ",15
JA0039,JA0037,Jaffna_N-JA0039-26G/1327-23-ODU-1(RTNRF-1),Jaffna_Town-JA0037-26G/1327-23-ODU-1(RTNRF-1),Jaffna,Jaffna,9.676111,9.67027,80.009722,80.0115,curw_jaffna,2.517157780274443,9.6607949,80.0298459,116,1341,0.6748727632264482," 25,015.00 "," 26,023.00 ",26
JA0005,JA0137,Manipai-JA0005-26G/725-23-ODU-1(RTNRF-1),Manipai_Town-JA0137-26G/725-23-ODU-1(RTNRF-1),Jaffna,Jaffna,9.72078,9.72556,79.997,80.0031,curw_jaffna,7.634698953275518,9.6607949,80.0298459,289,1514,0.852971647066741," 25,070.50 "," 26,078.50 ",26
JA0005,JA0059,Manipai-JA0005-18G/1171-23-ODU-1(RTNRF-1),Araly-JA0059-18G/1171-23-ODU-1(RTNRF-1),Jaffna,Jaffna,9.72078,9.707778,79.997,79.947778,curw_jaffna,8.64602502565918,9.6607949,80.0298459,800,2025,5.589485277467113," 17,727.50 "," 18,737.50 ",18
JA0097,JA0124,Nallur_North-JA0097-23G/705-23-ODU-1(RTNRF-1),Nallur_East-JA0124-23G/705-23-ODU-1(RTNRF-1),Jaffna,Jaffna,9.68633,9.672222,80.0419,80.0425,curw_jaffna,2.4528964493567336,9.6607949,80.0298459,702,1927,1.5618135033512892," 23,058.00 "," 21,826.00 ",23
JA0022,JA0123,Chundukkuli-JA0022-26G/724-24-ODU-1(RTNRF-1),Chundukkuli_North-JA0123-26G/724-24-ODU-1(RTNRF-1),Jaffna,Jaffna,9.65571,9.65721,80.0335,80.0389,curw_jaffna,0.8462958057499773,9.6607949,80.0298459,983,2208,0.6154477927895986," 25,938.50 "," 24,930.50 ",26
JA0014,JA0131,Kokuwil-JA0014-18G/851-23-ODU-1(RTNRF-1),Anaicottai_South-JA0131-18G/851-23-ODU-1(RTNRF-1),Jaffna,Jaffna,9.71101,9.687778,80.019,80.005833,curw_jaffna,4.6781946431890615,9.6607949,80.0298459,469,1694,2.9479877115089774," 17,810.00 "," 18,820.00 ",18
JA0005,JA0066,Manipai-JA0005-23G/1040-23-ODU-1(RTNRF-1),Anaicottai-JA0066-23G/1040-23-ODU-1(RTNRF-1),Jaffna,Jaffna,9.72078,9.700556,79.997,79.997778,curw_jaffna,6.566299148810689,9.6607949,80.0298459,953,2178,2.23852178347161," 21,938.00 "," 23,170.00 ",23
JA0005,JA0137,Manipai-JA0005-26G/725-24-ODU-1(RTNRF-1),Manipai_Town-JA0137-26G/725-24-ODU-1(RTNRF-1),Jaffna,Jaffna,9.72078,9.72556,79.997,80.0031,curw_jaffna,7.634698953275518,9.6607949,80.0298459,290,1515,0.852971647066741," 25,070.50 "," 26,078.50 ",26
JA0014,JA0101,Kokuwil-JA0014-23G/1421-23-ODU-1(RTNRF-1),Kokuwil_South-JA0101-23G/1421-23-ODU-1(RTNRF-1),Jaffna,Jaffna,9.71101,9.698333,80.019,80.014722,curw_jaffna,5.0578943241271475,9.6607949,80.0298459,401,1626,1.478652298395632," 21,910.00 "," 23,142.00 ",23
JA0003,JA0038,Jaffna_SLT-JA0003-23G/886-23-ODU-1(RTNRF-1),Karaiyur-JA0038-23G/886-23-ODU-1(RTNRF-1),Jaffna,Jaffna,9.66563,9.655278,80.006,80.020833,curw_jaffna,1.8035407792927973,9.6607949,80.0298459,484,1709,1.9902737331188463," 21,910.00 "," 23,142.00 ",23
JA0097,JA0147,Nallur_North-JA0097-18G/1684-24-ODU-1(RTNRF-1),Colombuthurai-JA0147-18G/1684-24-ODU-1(RTNRF-1),Jaffna,Jaffna,9.68633,9.655556,80.0419,80.0475,curw_jaffna,1.9792712007262159,9.6607949,80.0298459,1194,2419,3.4588174592553527," 18,765.00 "," 17,755.00 ",18
JA0014,JA0020,Kokuvil_Dialog-JA0014-23G/1621-23-ODU-1(RTNRF-1),Kokuvil_Town-JA0020-23G/1621-23-ODU-1(RTNRF-1),Jaffna,Jaffna,9.71101,9.699722,80.019,80.012778,curw_jaffna,5.162282419415958,9.6607949,80.0298459,139,1364,1.4230213523695354," 21,854.00 "," 23,086.00 ",23
JA0041,JA0014,Urumpirai-JA0041-18G/1164-23-ODU-1(RTNRF-1),Kokuwil-JA0014-18G/1164-23-ODU-1(RTNRF-1),Jaffna,Jaffna,9.71544,9.71101,80.0429,80.019,curw_jaffna,5.800334707868296,9.6607949,80.0298459,989,2214,2.66802457711331," 18,820.00 "," 17,810.00 ",18
JA0033,JA0097,Kandarmadam-JA0033-23G/1035-24-ODU-1(RTNRF-1),Nallur_North-JA0097-23G/1035-24-ODU-1(RTNRF-1),Jaffna,Jaffna,9.67718,9.68633,80.0183,80.0419,curw_jaffna,2.318472568333113,9.6607949,80.0298459,49,1274,2.7806758555601343," 22,050.00 "," 23,282.00 ",23
JA0011,JA0035,Chunnakam_DTP-JA0011-26G/1359-23-ODU-1(RTNRF-1),Chunnakam_SLT-JA0035-26G/1359-23-ODU-1(RTNRF-1),Jaffna,Jaffna,9.74961,9.74531,80.0291,80.0307,curw_jaffna,9.585667256057594,9.6607949,80.0298459,6,1231,0.5069728755548647," 25,071.00 "," 26,079.00 ",26
JA0057,JA0136,Nunavil-JA0057-18G/671-24-ODU-1(RTNRF-1),Koyilakkandi-JA0136-18G/671-24-ODU-1(RTNRF-1),Jaffna,Jaffna,9.66789,9.6475,80.1355,80.098333,curw_jaffna,9.562292154571535,9.6607949,80.0298459,75,1300,4.661080806663205," 17,755.00 "," 18,765.00 ",18
JA0033,JA0097,Kandarmadam-JA0033-23G/1035-23-ODU-1(RTNRF-1),Nallur_North-JA0097-23G/1035-23-ODU-1(RTNRF-1),Jaffna,Jaffna,9.67718,9.68633,80.0183,80.0419,curw_jaffna,2.318472568333113,9.6607949,80.0298459,48,1273,2.7806758555601343," 22,050.00 "," 23,282.00 ",23
JA0005,JA0058,Manipai-JA0005-23G/885-23-ODU-1(RTNRF-1),Walikamam-JA0058-23G/885-23-ODU-1(RTNRF-1),Jaffna,Jaffna,9.72078,9.715833,79.997,79.980556,curw_jaffna,7.795870862295296,9.6607949,80.0298459,689,1914,1.885576515904124," 21,882.00 "," 23,114.00 ",23
JA0014,JA0101,Kokuwil-JA0014-23G/1421-24-ODU-1(RTNRF-1),Kokuwil_South-JA0101-23G/1421-24-ODU-1(RTNRF-1),Jaffna,Jaffna,9.71101,9.698333,80.019,80.014722,curw_jaffna,5.0578943241271475,9.6607949,80.0298459,402,1627,1.478652298395632," 21,910.00 "," 23,142.00 ",23
JA0097,JA0147,Nallur_North-JA0097-18G/1684-23-ODU-1(RTNRF-1),Colombuthurai-JA0147-18G/1684-23-ODU-1(RTNRF-1),Jaffna,Jaffna,9.68633,9.655556,80.0419,80.0475,curw_jaffna,1.9792712007262159,9.6607949,80.0298459,1193,2418,3.4588174592553527," 18,765.00 "," 17,755.00 ",18
JA0041,JA0014,Urumpirai-JA0041-18G/1164-24-ODU-1(RTNRF-1),Kokuwil-JA0014-18G/1164-24-ODU-1(RTNRF-1),Jaffna,Jaffna,9.71544,9.71101,80.0429,80.019,curw_jaffna,5.800334707868296,9.6607949,80.0298459,990,2215,2.66802457711331," 18,820.00 "," 17,810.00 ",18
JA0022,JA0003,Chundukuli MTU-JA0022-18G/1159-23-ODU-1(RTNRF-1),Jaffna_SLT-JA0003-18G/1159-23-ODU-1(RTNRF-1),Jaffna,Jaffna,9.65571,9.66563,80.0335,80.006,curw_jaffna,1.108123042834522,9.6607949,80.0298459,558,1783,3.211408031229942," 17,855.00 "," 18,865.00 ",18
JA0022,JA0123,Chundukkuli-JA0022-26G/724-23-ODU-1(RTNRF-1),Chundukkuli_North-JA0123-26G/724-23-ODU-1(RTNRF-1),Jaffna,Jaffna,9.65571,9.65721,80.0335,80.0389,curw_jaffna,0.8462958057499773,9.6607949,80.0298459,982,2207,0.6154477927895986," 25,938.50 "," 24,930.50 ",26
JA0037,JA0120,Jaffna_Town-JA0037-23G/771-23-ODU-1(RTNRF-1),Jaffna_Templ_Rd_Suth-JA0120-23G/771-23-ODU-1(RTNRF-1),Jaffna,Jaffna,9.67027,9.66344,80.0115,80.0255,curw_jaffna,1.4141554433837915,9.6607949,80.0298459,960,2185,1.7121569575124649," 21,826.00 "," 23,058.00 ",23
JA0038,JA0127,Kareiyu-JA0038-26G/1328-23-ODU-1(RTNRF-1),Chundukkuli_Town-JA0127-26G/1328-23-ODU-1(RTNRF-1),Jaffna,Jaffna,9.655278,9.658639,80.020833,80.020833,curw_jaffna,1.0763522440965134,9.6607949,80.0298459,757,1982,0.371745178841876," 25,014.50 "," 26,022.50 ",26
CM0145,CM0974,Katubedda-CM0145-26G/1240-24-ODU-1(RTNRF-1),Lunawa North-CM0974-26G/1240-24-ODU-1(RTNRF-1),Colombo,Colombo,6.79432,6.791944,79.882,79.875556,curw_kohuwala,7.533402261220452,6.860887,79.885825,145,1370,0.7592575750785442," 26,106.50 "," 25,098.50 ",26
CM0883,CM0448,Jayasumanarama_Airtel-CM0883-26G/850-24-ODU-1(RTNRF-1),Jayasumanarama_South-CM0448-26G/850-24-ODU-1(RTNRF-1),Colombo,Colombo,6.815833,6.808611,79.867778,79.871389,curw_kohuwala,5.673383662603051,6.860887,79.885825,464,1689,0.8928691713890798," 26,022.50 "," 25,014.50 ",26
CM0145,CM0492,Katubedda-CM0145-26G/846-23-ODU-1(RTNRF-1),Angulana-CM0492-26G/846-23-ODU-1(RTNRF-1),Colombo,Colombo,6.79432,6.799722,79.882,79.876667,curw_kohuwala,7.099293893574253,6.860887,79.885825,396,1621,0.8393035212112705," 26,050.50 "," 25,042.50 ",26
CM0145,CM0974,Katubedda-CM0145-26G/1240-23-ODU-1(RTNRF-1),Lunawa North-CM0974-26G/1240-23-ODU-1(RTNRF-1),Colombo,Colombo,6.79432,6.791944,79.882,79.875556,curw_kohuwala,7.533402261220452,6.860887,79.885825,144,1369,0.7592575750785442," 26,106.50 "," 25,098.50 ",26
CM0145,CM0492,Katubedda-CM0145-26G/846-24-ODU-1(RTNRF-1),Angulana-CM0492-26G/846-24-ODU-1(RTNRF-1),Colombo,Colombo,6.79432,6.799722,79.882,79.876667,curw_kohuwala,7.099293893574253,6.860887,79.885825,397,1622,0.8393035212112705," 26,050.50 "," 25,042.50 ",26
CM0883,CM0448,Jayasumanarama_Airtel-CM0883-26G/850-23-ODU-1(RTNRF-1),Jayasumanarama_South-CM0448-26G/850-23-ODU-1(RTNRF-1),Colombo,Colombo,6.815833,6.808611,79.867778,79.871389,curw_kohuwala,5.673383662603051,6.860887,79.885825,463,1688,0.8928691713890798," 26,022.50 "," 25,014.50 ",26
CM0361,CM0512,Athurugiriya_South-CM0361-26G/859-23-ODU-1(RTNRF-1),Rukmalgama-CM0512-26G/859-23-ODU-1(RTNRF-1),Colombo,Colombo,6.866111,6.85787,79.996389,79.9828,curw_kottawa_dharmapala_north,3.4946073686112773,6.865576,79.958181,785,2010,1.756836409214497," 24,986.50 "," 25,994.50 ",26
CM0056,CM0409,Maharagama-CM0056-18G/970-24-ODU-1(RTNRF-1),Pelanwatta-CM0409-18G/970-24-ODU-1(RTNRF-1),Colombo,Colombo,6.83946,6.826944,79.9271,79.953056,curw_kottawa_dharmapala_north,4.101445887061649,6.865576,79.958181,460,1685,3.1854565867449054," 17,782.50 "," 18,792.50 ",18
CM0573,CM0157,Pepiliyana_Town-CM0573-23G/1384-23-ODU-1(RTNRF-1),Nedimala_Suntel-CM0157-23G/1384-23-ODU-1(RTNRF-1),Colombo,Colombo,6.852778,6.85,79.894444,79.878333,curw_kottawa_dharmapala_north,8.088714369508144,6.865576,79.958181,1155,2380,1.8070526720083164," 21,826.00 "," 23,058.00 ",23
CM0074,CM0555,Nawala_Town-CM0074-23G/1579-24-ODU-1(RTNRF-1),Castle_Street_W-CM0555-23G/1579-24-ODU-1(RTNRF-1),Colombo,Colombo,6.889444,6.911111,79.8875,79.885,curw_kottawa_dharmapala_north,8.827795522333286,6.865576,79.958181,1046,2271,2.412037102454791," 21,812.00 "," 23,044.00 ",23
CM0239,CM0366,Kohilawatta-CM0239-23G/761-24-ODU-1(RTNRF-1),Kelanimulla-CM0366-23G/761-24-ODU-1(RTNRF-1),Colombo,Colombo,6.94503,6.94393,79.9145,79.9273,curw_kottawa_dharmapala_north,9.64984211628842,6.865576,79.958181,184,1409,1.4197267251460366," 23,114.00 "," 21,882.00 ",23
CM0124,CM0586,Angoda-CM0124-26G/1185-23-ODU-1(RTNRF-1),Himbutana_West-CM0586-26G/1185-23-ODU-1(RTNRF-1),Colombo,Colombo,6.930278,6.92234,79.928056,79.9316,curw_kottawa_dharmapala_north,7.411497654447671,6.865576,79.958181,896,2121,0.961272420712452," 25,928.00 "," 24,920.00 ",26
CM0158,CM1031,Narahenpita-CM0158-26G/765-24-ODU-1(RTNRF-1),Narahenpita_Jn-CM1031-26G/765-24-ODU-1(RTNRF-1),Colombo,Colombo,6.89684,6.892778,79.8767,79.876111,curw_kottawa_dharmapala_north,9.598883082493222,6.865576,79.958181,1037,2262,0.453909752328146," 26,078.50 "," 25,070.50 ",26
CM0091,CM1103,Piliyandala-CM0091-26G/1406-23-ODU-1(RTNRF-1),Piliyandala_West-CM1103-26G/1406-23-ODU-1(RTNRF-1),Colombo,Colombo,6.805,6.803333,79.916944,79.909167,curw_kottawa_dharmapala_north,8.42617531145647,6.865576,79.958181,1028,2253,0.8792192898179848," 26,071.50 "," 25,063.50 ",26
CM1270,CM0424,SAITM_Hospital_Ind-CM1270-18G/1484-23-ODU-1(RTNRF-1),Malabe_South-CM0424-18G/1484-23-ODU-1(RTNRF-1),Colombo,Colombo,6.92421,6.894167,79.9628,79.96,curw_kottawa_dharmapala_north,4.836220579964332,6.865576,79.958181,1082,2307,3.3368451485045387," 18,847.50 "," 17,837.50 ",18
CM0053,CM0794,Kotikawatta-CM0053-23G/765-23-ODU-1(RTNRF-1),Kolonnawa_East-CM0794-23G/765-23-ODU-1(RTNRF-1),Colombo,Colombo,6.935556,6.93302,79.914167,79.9029,curw_kottawa_dharmapala_north,9.372825037818943,6.865576,79.958181,575,1800,1.2763180065748834," 23,114.00 "," 21,882.00 ",23
CM0035,CM0632,Kaduwela DBN-CM0035-26G/1363-23-ODU-1(RTNRF-1),Kaduwela_Town-CM0632-26G/1363-23-ODU-1(RTNRF-1),Colombo,Colombo,6.93286,6.9358,79.9847,79.9839,curw_kottawa_dharmapala_north,8.133035360183793,6.865576,79.958181,487,1712,0.3369413164218908," 26,071.50 "," 25,063.50 ",26
CM0053,CM0797,Kotikawatta_DBN-CM0053-26G/596-24-ODU-1(RTNRF-1),Kotikawatta_South-CM0797-26G/596-24-ODU-1(RTNRF-1),Colombo,Colombo,6.935556,6.92975,79.914167,79.9198,curw_kottawa_dharmapala_north,8.703929681636007,6.865576,79.958181,692,1917,0.8943119855348125," 25,126.50 "," 26,134.50 ",26
CM1213,CM0424,Asiri_Place_Atel-CM1213-23G/1639-23-ODU-1(RTNRF-1),Malabe_South-CM0424-23G/1639-23-ODU-1(RTNRF-1),Colombo,Colombo,6.913611,6.894167,79.955833,79.96,curw_kottawa_dharmapala_north,4.237144428015907,6.865576,79.958181,165,1390,2.1990801789771806," 21,910.00 "," 23,142.00 ",23
CM0127,CM0801,Battaramulla-CM0127-26G/561-23-ODU-1(RTNRF-1),Gothatuwa_South-CM0801-26G/561-23-ODU-1(RTNRF-1),Colombo,Colombo,6.90607,6.9172,79.9149,79.9133,curw_kottawa_dharmapala_north,7.048461539045453,6.865576,79.958181,512,1737,1.2435070715197913," 26,134.50 "," 25,126.50 ",26
CM0158,CM1031,Narahenpita-CM0158-26G/765-23-ODU-1(RTNRF-1),Narahenpita_Jn-CM1031-26G/765-23-ODU-1(RTNRF-1),Colombo,Colombo,6.89684,6.892778,79.8767,79.876111,curw_kottawa_dharmapala_north,9.598883082493222,6.865576,79.958181,1036,2261,0.453909752328146," 26,078.50 "," 25,070.50 ",26
CM0158,CM0114,Narahenpita-CM0158-26G/1157-26-ODU-1(RTNRF-1),Torinton-CM0114-26G/1157-26-ODU-1(RTNRF-1),Colombo,Colombo,6.89684,6.899444,79.8767,79.871667,curw_kottawa_dharmapala_north,9.95774003249549,6.865576,79.958181,1153,2378,0.62636744261421," 25,994.00 "," 24,986.00 ",26
CM0875,CM0513,Pamunuwa Relocat-CM0875-23G/718-23-ODU-1(RTNRF-1),Kalalgoda Dialog-CM0513-23G/718-23-ODU-1(RTNRF-1),Colombo,Colombo,6.858056,6.86664,79.926944,79.9451,curw_kottawa_dharmapala_north,2.475045860413762,6.865576,79.958181,1178,2403,2.2199460277236556," 23,114.00 "," 21,882.00 ",23
CM0053,CM0794,Kotikawatta-CM0053-23G/765-24-ODU-1(RTNRF-1),Kolonnawa_East-CM0794-23G/765-24-ODU-1(RTNRF-1),Colombo,Colombo,6.935556,6.93302,79.914167,79.9029,curw_kottawa_dharmapala_north,9.372825037818943,6.865576,79.958181,576,1801,1.2763180065748834," 23,114.00 "," 21,882.00 ",23
CM1270,CM0424,SAITM_Hospital_Ind-CM1270-18G/1484-24-ODU-1(RTNRF-1),Malabe_South-CM0424-18G/1484-24-ODU-1(RTNRF-1),Colombo,Colombo,6.92421,6.894167,79.9628,79.96,curw_kottawa_dharmapala_north,4.836220579964332,6.865576,79.958181,1083,2308,3.3368451485045387," 18,847.50 "," 17,837.50 ",18
CM0438,CM0638,Heenetikumbura-CM0438-23G/595-23-ODU-1(RTNRF-1),Welivita_West-CM0638-23G/595-23-ODU-1(RTNRF-1),Colombo,Colombo,6.91367,6.92117,79.9318,79.9469,curw_kottawa_dharmapala_north,6.099491637350409,6.865576,79.958181,620,1845,1.8635294601799235," 21,854.00 "," 23,086.00 ",23
CM0424,CM0981,MALABE_SOUTH-CM0424-18G/1786-23-ODU-1(RTNRF-1),Pore-CM0981-18G/1786-23-ODU-1(RTNRF-1),Colombo,Colombo,6.894167,6.887778,79.96,79.982778,curw_kottawa_dharmapala_north,3.16532157288778,6.865576,79.958181,813,2038,2.614714570940054, / , / ,18
CM0034,CM0453,Jubilee_Post-CM0034-26G/1152-24-ODU-1(RTNRF-1),Pagoda-CM0453-26G/1152-24-ODU-1(RTNRF-1),Colombo,Colombo,6.87621,6.878333,79.9001,79.896667,curw_kottawa_dharmapala_north,6.73450111694683,6.865576,79.958181,918,2143,0.44619381076935327," 25,000.00 "," 26,008.00 ",26
CM0124,CM0586,Angoda-CM0124-26G/1185-24-ODU-1(RTNRF-1),Himbutana_West-CM0586-26G/1185-24-ODU-1(RTNRF-1),Colombo,Colombo,6.930278,6.92234,79.928056,79.9316,curw_kottawa_dharmapala_north,7.411497654447671,6.865576,79.958181,897,2122,0.961272420712452," 25,928.00 "," 24,920.00 ",26
CM0127,CM1131,Battaramulla-CM0127-23G/828-23-ODU-1(RTNRF-1),Buthgamuwa_Rd_Reloc-CM1131-23G/828-23-ODU-1(RTNRF-1),Colombo,Colombo,6.90607,6.913889,79.9149,79.91,curw_kottawa_dharmapala_north,7.046944236818378,6.865576,79.958181,36,1261,1.0202797454045018," 23,114.00 "," 21,882.00 ",23
CM0424,CM0422,Malabe_South-CM0424-23G/1499-23-ODU-1(RTNRF-1),Thalangama_West-CM0422-23G/1499-23-ODU-1(RTNRF-1),Colombo,Colombo,6.894167,6.89609,79.96,79.923,curw_kottawa_dharmapala_north,3.752364439960927,6.865576,79.958181,208,1433,4.094755490836703," 23,030.00 "," 21,798.00 ",23
CM0284,CM1053,Bodhiraja_Mawatha-CM0284-26G/779-24-ODU-1(RTNRF-1),New_Kettaram_Rd_East-CM1053-26G/779-24-ODU-1(RTNRF-1),Colombo,Colombo,6.88078,6.94286,79.9181,79.8743,curw_kottawa_dharmapala_north,8.548673476599653,6.865576,79.958181,476,1701,8.400341699783542," 25,014.00 "," 26,022.00 ",26
CM0275,CM0588,Welivita-CM0275-23G/683-24-ODU-1(RTNRF-1),Hewagama-CM0588-23G/683-24-ODU-1(RTNRF-1),Colombo,Colombo,6.92893,6.931667,79.9662,79.974167,curw_kottawa_dharmapala_north,7.27956058233195,6.865576,79.958181,1058,2283,0.9310225321572242," 23,058.00 "," 21,826.00 ",23
CM0875,CM0513,Pamunuwa Relocat-CM0875-23G/718-24-ODU-1(RTNRF-1),Kalalgoda Dialog-CM0513-23G/718-24-ODU-1(RTNRF-1),Colombo,Colombo,6.858056,6.86664,79.926944,79.9451,curw_kottawa_dharmapala_north,2.475045860413762,6.865576,79.958181,1179,2404,2.2199460277236556," 23,114.00 "," 21,882.00 ",23
CM0074,CM0555,Nawala_Town-CM0074-23G/1579-23-ODU-1(RTNRF-1),Castle_Street_W-CM0555-23G/1579-23-ODU-1(RTNRF-1),Colombo,Colombo,6.889444,6.911111,79.8875,79.885,curw_kottawa_dharmapala_north,8.827795522333286,6.865576,79.958181,1045,2270,2.412037102454791," 21,812.00 "," 23,044.00 ",23
CM0565,CM0608,Poorwarama-CM0565-26G/1161-23-ODU-1(RTNRF-1),Balapokuna_East-CM0608-26G/1161-23-ODU-1(RTNRF-1),Colombo,Colombo,6.877778,6.874722,79.882222,79.887222,curw_kottawa_dharmapala_north,8.204442618382231,6.865576,79.958181,1088,2313,0.6477721003285062," 26,106.50 "," 25,098.50 ",26
CM0007,CM0431,Boralesgamuwa-CM0007-26G/1170-24-ODU-1(RTNRF-1),Wattegedara-CM0431-26G/1170-24-ODU-1(RTNRF-1),Colombo,Colombo,6.84164,6.84736,79.9095,79.9169,curw_kottawa_dharmapala_north,5.490942705308921,6.865576,79.958181,765,1990,1.0340041134416107," 25,070.50 "," 26,078.50 ",26
CM0873,CM0422,Pelawatta_Jn-CM0873-26G/1167-23-ODU-1(RTNRF-1),Thalangama_West-CM0422-26G/1167-23-ODU-1(RTNRF-1),Colombo,Colombo,6.89167,6.89609,79.929,79.923,curw_kottawa_dharmapala_north,4.737961200871598,6.865576,79.958181,996,2221,0.823809657347632," 26,050.50 "," 25,042.50 ",26
CM0162,CM0391,Rajagiriya-CM0162-26G/703-23-ODU-1(RTNRF-1),Lake_Drive-CM0391-26G/703-23-ODU-1(RTNRF-1),Colombo,Colombo,6.91103,6.90809,79.8902,79.8883,curw_kottawa_dharmapala_north,9.038793193518554,6.865576,79.958181,1061,2286,0.38704680179498197," 26,106.50 "," 25,098.50 ",26
CM0424,CM0436,Malabe_South-CM0424-23G/699-24-ODU-1(RTNRF-1),Udumulla_RT-CM0436-23G/699-24-ODU-1(RTNRF-1),Colombo,Colombo,6.894167,6.9274,79.96,79.9407,curw_kottawa_dharmapala_north,5.073870707885116,6.865576,79.958181,221,1446,4.249350100961763," 23,058.00 "," 21,826.00 ",23
CM0361,CM0512,Athurugiriya_South-CM0361-26G/859-24-ODU-1(RTNRF-1),Rukmalgama-CM0512-26G/859-24-ODU-1(RTNRF-1),Colombo,Colombo,6.866111,6.85787,79.996389,79.9828,curw_kottawa_dharmapala_north,3.4946073686112773,6.865576,79.958181,786,2011,1.756836409214497," 24,986.50 "," 25,994.50 ",26
CM0158,CM0114,Narahenpita-CM0158-26G/1157-24-ODU-1(RTNRF-1),Torinton-CM0114-26G/1157-24-ODU-1(RTNRF-1),Colombo,Colombo,6.89684,6.899444,79.8767,79.871667,curw_kottawa_dharmapala_north,9.95774003249549,6.865576,79.958181,1152,2377,0.62636744261421," 25,994.00 "," 24,986.00 ",26
CM0124,CM0425,Angoda-CM0124-23G/1313-23-ODU-1(RTNRF-1),Aggona_RT-CM0425-23G/1313-23-ODU-1(RTNRF-1),Colombo,Colombo,6.930278,6.915833,79.928056,79.923333,curw_kottawa_dharmapala_north,7.3005689347661935,6.865576,79.958181,913,2138,1.6805872150230028," 23,156.00 "," 21,924.00 ",23
CM0345,CM0864,Korathota-CM0345-23G/596-24-ODU-1(RTNRF-1),Alubogahalanda_North-CM0864-23G/596-24-ODU-1(RTNRF-1),Colombo,Colombo,6.90931,6.907222,79.9973,79.975556,curw_kottawa_dharmapala_north,5.659950973964543,6.865576,79.958181,537,1762,2.4141430864837266," 23,058.00 "," 21,826.00 ",23
CM0275,CM0588,Welivita-CM0275-23G/683-23-ODU-1(RTNRF-1),Hewagama-CM0588-23G/683-23-ODU-1(RTNRF-1),Colombo,Colombo,6.92893,6.931667,79.9662,79.974167,curw_kottawa_dharmapala_north,7.27956058233195,6.865576,79.958181,1057,2282,0.9310225321572242," 23,058.00 "," 21,826.00 ",23
CM0239,CM0366,Kohilawatta-CM0239-23G/761-23-ODU-1(RTNRF-1),Kelanimulla-CM0366-23G/761-23-ODU-1(RTNRF-1),Colombo,Colombo,6.94503,6.94393,79.9145,79.9273,curw_kottawa_dharmapala_north,9.64984211628842,6.865576,79.958181,183,1408,1.4197267251460366," 23,114.00 "," 21,882.00 ",23
CM0424,CM0422,Malabe_South-CM0424-23G/1499-25-ODU-1(RTNRF-1),Thalangama_West-CM0422-23G/1499-25-ODU-1(RTNRF-1),Colombo,Colombo,6.894167,6.89609,79.96,79.923,curw_kottawa_dharmapala_north,3.752364439960927,6.865576,79.958181,209,1434,4.094755490836703," 23,030.00 "," 21,798.00 ",23
CM0007,CM0571,Boralesgamuwa-CM0007-23G/759-23-ODU-1(RTNRF-1),Nawinna_South-CM0571-23G/759-23-ODU-1(RTNRF-1),Colombo,Colombo,6.84164,6.85278,79.9095,79.9106,curw_kottawa_dharmapala_north,5.694402082288355,6.865576,79.958181,274,1499,1.237958305153197," 21,938.00 "," 23,170.00 ",23
CM0345,CM0002,Korathota-CM0345-23G/908-23-ODU-1(RTNRF-1),Athurugiriya-CM0002-23G/908-23-ODU-1(RTNRF-1),Colombo,Colombo,6.90931,6.893889,79.9973,80.005556,curw_kottawa_dharmapala_north,6.222311164035468,6.865576,79.958181,608,1833,1.9341607413507282," 23,100.00 "," 21,868.00 ",23
CM0115,CM0034,Udahamulla-CM0115-23G/722-24-ODU-1(RTNRF-1),Jubilee_Post-CM0034-23G/722-24-ODU-1(RTNRF-1),Colombo,Colombo,6.86741,6.87621,79.9103,79.9001,curw_kottawa_dharmapala_north,5.89621281213167,6.865576,79.958181,935,2160,1.4893076372840228," 23,198.00 "," 21,966.00 ",23
CM0127,CM0965,Battaramulla-CM0127-26G/1237-23-ODU-1(RTNRF-1),Battaramulla_East-CM0965-26G/1237-23-ODU-1(RTNRF-1),Colombo,Colombo,6.90607,6.903056,79.9149,79.905833,curw_kottawa_dharmapala_north,6.820283442649391,6.865576,79.958181,964,2189,1.056044813922742," 25,994.50 "," 24,986.50 ",26
CM0053,CM0369,Kotikawatta-CM0053-23G/1330-24-ODU-1(RTNRF-1),Kotikawatta_West-CM0369-23G/1330-24-ODU-1(RTNRF-1),Colombo,Colombo,6.935556,6.92818,79.914167,79.9083,curw_kottawa_dharmapala_north,8.981573740247248,6.865576,79.958181,347,1572,1.0420046245687835," 23,058.00 "," 21,826.00 ",23
CM0127,CM0204,Battaramulla-CM0127-26G/1165-24-ODU-1(RTNRF-1),Kalapaluwawa-CM0204-26G/1165-24-ODU-1(RTNRF-1),Colombo,Colombo,6.90607,6.915278,79.9149,79.916389,curw_kottawa_dharmapala_north,6.8538559440247795,6.865576,79.958181,173,1398,1.031526489038061," 26,022.50 "," 25,014.50 ",26
CM0345,CM0864,Korathota-CM0345-23G/596-23-ODU-1(RTNRF-1),Alubogahalanda_North-CM0864-23G/596-23-ODU-1(RTNRF-1),Colombo,Colombo,6.90931,6.907222,79.9973,79.975556,curw_kottawa_dharmapala_north,5.659950973964543,6.865576,79.958181,536,1761,2.4141430864837266," 23,058.00 "," 21,826.00 ",23
CM0115,CM0015,Udahamulla-CM0115-23G/1301-23-ODU-1(RTNRF-1),Delkanda_RT-CM0015-23G/1301-23-ODU-1(RTNRF-1),Colombo,Colombo,6.86741,6.868611,79.9103,79.8975,curw_kottawa_dharmapala_north,6.005514025879244,6.865576,79.958181,1119,2344,1.4209535238935427," 21,854.00 "," 23,086.00 ",23
CM0053,CM0808,Kotikawatta-CM0053-18G/1628-23-ODU-1(RTNRF-1),Obesekarapura_N-CM0808-18G/1628-23-ODU-1(RTNRF-1),Colombo,Colombo,6.935556,6.92158,79.914167,79.8928,curw_kottawa_dharmapala_north,9.223499554199348,6.865576,79.958181,107,1332,2.8221791043983204," 18,902.00 "," 17,892.00 ",18
CM0345,CM0002,Korathota-CM0345-23G/908-24-ODU-1(RTNRF-1),Athurugiriya-CM0002-23G/908-24-ODU-1(RTNRF-1),Colombo,Colombo,6.90931,6.893889,79.9973,80.005556,curw_kottawa_dharmapala_north,6.222311164035468,6.865576,79.958181,609,1834,1.9341607413507282," 23,100.00 "," 21,868.00 ",23
CM0053,CM0806,Kotikawatta-CM0053-26G/629-23-ODU-1(RTNRF-1),Mahabuthgamuwa-CM0806-26G/629-23-ODU-1(RTNRF-1),Colombo,Colombo,6.935556,6.94004,79.914167,79.9081,curw_kottawa_dharmapala_north,9.530420049309287,6.865576,79.958181,754,1979,0.8339215175113299," 25,067.00 "," 26,075.00 ",26
CM0873,CM0422,Pelawatta_Jn-CM0873-26G/1167-24-ODU-1(RTNRF-1),Thalangama_West-CM0422-26G/1167-24-ODU-1(RTNRF-1),Colombo,Colombo,6.89167,6.89609,79.929,79.923,curw_kottawa_dharmapala_north,4.737961200871598,6.865576,79.958181,997,2222,0.823809657347632," 26,050.50 "," 25,042.50 ",26
CM0424,CM0879,Pothuarawa-CM0424-23G/655-24-ODU-1(RTNRF-1),Kalalgoda_East-CM0879-23G/655-24-ODU-1(RTNRF-1),Colombo,Colombo,6.894167,6.87036,79.96,79.955,curw_kottawa_dharmapala_north,1.8470079171082463,6.865576,79.958181,1159,2384,2.690191461468546," 23,058.00 "," 21,826.00 ",23
CM0053,CM0797,Kotikawatta_DBN-CM0053-26G/596-23-ODU-1(RTNRF-1),Kotikawatta_South-CM0797-26G/596-23-ODU-1(RTNRF-1),Colombo,Colombo,6.935556,6.92975,79.914167,79.9198,curw_kottawa_dharmapala_north,8.703929681636007,6.865576,79.958181,691,1916,0.8943119855348125," 25,126.50 "," 26,134.50 ",26
CM0162,CM0391,Rajagiriya-CM0162-26G/703-24-ODU-1(RTNRF-1),Lake_Drive-CM0391-26G/703-24-ODU-1(RTNRF-1),Colombo,Colombo,6.91103,6.90809,79.8902,79.8883,curw_kottawa_dharmapala_north,9.038793193518554,6.865576,79.958181,1062,2287,0.38704680179498197," 26,106.50 "," 25,098.50 ",26
CM0001,CM0037,Anderson_Rd-CM0001-26G/921-24-ODU-1(RTNRF-1),Kalubowila-CM0037-26G/921-24-ODU-1(RTNRF-1),Colombo,Colombo,6.858333,6.865833,79.881667,79.879444,curw_kottawa_dharmapala_north,8.588401227222628,6.865576,79.958181,86,1311,0.8650532013954357," 24,986.50 "," 25,994.50 ",26
CM0424,CM0542,MALABE_SOUTH-CM0424-18G/1785-23-ODU-1(RTNRF-1),ETHULKOTTE_SOUTH-CM0542-18G/1785-23-ODU-1(RTNRF-1),Colombo,Colombo,6.894167,6.893611,79.96,79.908333,curw_kottawa_dharmapala_north,4.104706175939406,6.865576,79.958181,235,1460,5.710567748580674," 18,902.00 "," 17,892.00 ",18
CM0127,CM0802,Battaramulla-CM0127-26G/1210-24-ODU-1(RTNRF-1),Madinnagoda_South-CM0802-26G/1210-24-ODU-1(RTNRF-1),Colombo,Colombo,6.90607,6.9101,79.9149,79.907,curw_kottawa_dharmapala_north,7.024887922805763,6.865576,79.958181,511,1736,0.9802560418317469," 25,867.00 "," 24,859.00 ",26
CM0091,CM1103,Piliyandala-CM0091-26G/1406-24-ODU-1(RTNRF-1),Piliyandala_West-CM1103-26G/1406-24-ODU-1(RTNRF-1),Colombo,Colombo,6.805,6.803333,79.916944,79.909167,curw_kottawa_dharmapala_north,8.42617531145647,6.865576,79.958181,1029,2254,0.8792192898179848," 26,071.50 "," 25,063.50 ",26
CM1230,CM0134,Liyanage_Rd-CM1230-26G/1437-23-ODU-1(RTNRF-1),Dehiwala_Dialog-CM0134-26G/1437-23-ODU-1(RTNRF-1),Colombo,Colombo,6.853611,6.854167,79.86925,79.870833,curw_kottawa_dharmapala_north,9.827235649984623,6.865576,79.958181,379,1604,0.18545756472985495," 24,986.50 "," 25,994.50 ",26
CM0158,CM0114,Narahenpita-CM0158-26G/1157-23-ODU-1(RTNRF-1),Torinton-CM0114-26G/1157-23-ODU-1(RTNRF-1),Colombo,Colombo,6.89684,6.899444,79.8767,79.871667,curw_kottawa_dharmapala_north,9.95774003249549,6.865576,79.958181,1151,2376,0.62636744261421," 25,994.00 "," 24,986.00 ",26
CM0001,CM0037,Anderson_Rd-CM0001-26G/921-23-ODU-1(RTNRF-1),Kalubowila-CM0037-26G/921-23-ODU-1(RTNRF-1),Colombo,Colombo,6.858333,6.865833,79.881667,79.879444,curw_kottawa_dharmapala_north,8.588401227222628,6.865576,79.958181,85,1310,0.8650532013954357," 24,986.50 "," 25,994.50 ",26
CM0400,CM0244,Kotte_BSC-CM0400-23G/1510-23-ODU-1(RTNRF-1),Parliament_Grounds_Mobitel-CM0244-23G/1510-23-ODU-1(RTNRF-1),Colombo,Colombo,6.887778,6.894444,79.902222,79.916667,curw_kottawa_dharmapala_north,6.081880312124723,6.865576,79.958181,69,1294,1.7584579553561026," 23,044.00 "," 21,812.00 ",23
CM0037,CM0380,Kalubowila-CM0037-26G/1163-24-ODU-1(RTNRF-1),Wanarathana_Rd-CM0380-26G/1163-24-ODU-1(RTNRF-1),Colombo,Colombo,6.865833,6.856389,79.879444,79.876111,curw_kottawa_dharmapala_north,8.900470127466933,6.865576,79.958181,761,1986,1.107478572962775," 26,134.50 "," 25,126.50 ",26
CM0162,CM0785,Rajagiriya-CM0162-23G/1458-23-ODU-1(RTNRF-1),Fairmount_Ind-CM0785-23G/1458-23-ODU-1(RTNRF-1),Colombo,Colombo,6.91103,6.91465,79.8902,79.9049,curw_kottawa_dharmapala_north,8.49848962388645,6.865576,79.958181,1172,2397,1.673178896697062," 23,058.00 "," 21,826.00 ",23
CM0127,CM0204,Battaramulla-CM0127-26G/1165-23-ODU-1(RTNRF-1),Kalapaluwawa-CM0204-26G/1165-23-ODU-1(RTNRF-1),Colombo,Colombo,6.90607,6.915278,79.9149,79.916389,curw_kottawa_dharmapala_north,6.8538559440247795,6.865576,79.958181,172,1397,1.031526489038061," 26,022.50 "," 25,014.50 ",26
CM0037,CM0380,Kalubowila-CM0037-26G/1163-23-ODU-1(RTNRF-1),Wanarathana_Rd-CM0380-26G/1163-23-ODU-1(RTNRF-1),Colombo,Colombo,6.865833,6.856389,79.879444,79.876111,curw_kottawa_dharmapala_north,8.900470127466933,6.865576,79.958181,760,1985,1.107478572962775," 26,134.50 "," 25,126.50 ",26
CM0007,CM0431,Boralesgamuwa-CM0007-26G/1170-23-ODU-1(RTNRF-1),Wattegedara-CM0431-26G/1170-23-ODU-1(RTNRF-1),Colombo,Colombo,6.84164,6.84736,79.9095,79.9169,curw_kottawa_dharmapala_north,5.490942705308921,6.865576,79.958181,764,1989,1.0340041134416107," 25,070.50 "," 26,078.50 ",26
CM0034,CM0453,Jubilee_Post-CM0034-26G/1152-23-ODU-1(RTNRF-1),Pagoda-CM0453-26G/1152-23-ODU-1(RTNRF-1),Colombo,Colombo,6.87621,6.878333,79.9001,79.896667,curw_kottawa_dharmapala_north,6.73450111694683,6.865576,79.958181,917,2142,0.44619381076935327," 25,000.00 "," 26,008.00 ",26
CM0400,CM0244,Kotte_BSC-CM0400-23G/1510-24-ODU-1(RTNRF-1),Parliament_Grounds_Mobitel-CM0244-23G/1510-24-ODU-1(RTNRF-1),Colombo,Colombo,6.887778,6.894444,79.902222,79.916667,curw_kottawa_dharmapala_north,6.081880312124723,6.865576,79.958181,70,1295,1.7584579553561026," 23,044.00 "," 21,812.00 ",23
CM0345,CM0994,Korathota-CM0345-23G/830-24-ODU-1(RTNRF-1),Pittugala-CM0994-23G/830-24-ODU-1(RTNRF-1),Colombo,Colombo,6.90931,6.91053,79.9973,79.9847,curw_kottawa_dharmapala_north,6.099667968944178,6.865576,79.958181,160,1385,1.3990260277713504," 23,114.00 "," 21,882.00 ",23
CM0162,CM0785,Rajagiriya-CM0162-23G/1458-24-ODU-1(RTNRF-1),Fairmount_Ind-CM0785-23G/1458-24-ODU-1(RTNRF-1),Colombo,Colombo,6.91103,6.91465,79.8902,79.9049,curw_kottawa_dharmapala_north,8.49848962388645,6.865576,79.958181,1173,2398,1.673178896697062," 23,058.00 "," 21,826.00 ",23
CM0127,CM0953,Battaramulla-CM0127-23G/1523-23-ODU-1(RTNRF-1),Fairway Sky Gardens Indoor-CM0953-23G/1523-23-ODU-1(RTNRF-1),Colombo,Colombo,6.90607,6.913889,79.9149,79.903611,curw_kottawa_dharmapala_north,7.304313222013407,6.865576,79.958181,481,1706,1.5179812975049878," 23,044.00 "," 21,812.00 ",23
CM0115,CM0015,Udahamulla-CM0115-23G/1301-24-ODU-1(RTNRF-1),Delkanda_RT-CM0015-23G/1301-24-ODU-1(RTNRF-1),Colombo,Colombo,6.86741,6.868611,79.9103,79.8975,curw_kottawa_dharmapala_north,6.005514025879244,6.865576,79.958181,1120,2345,1.4209535238935427," 21,854.00 "," 23,086.00 ",23
CM0053,CM0369,Kotikawatta-CM0053-23G/1330-23-ODU-1(RTNRF-1),Kotikawatta_West-CM0369-23G/1330-23-ODU-1(RTNRF-1),Colombo,Colombo,6.935556,6.92818,79.914167,79.9083,curw_kottawa_dharmapala_north,8.981573740247248,6.865576,79.958181,346,1571,1.0420046245687835," 23,058.00 "," 21,826.00 ",23
CM0344,CM0125,Nedimala_South-CM0344-23G/716-24-ODU-1(Replaced on  04/12/2014),Attidiya-CM0125-23G/716-24-ODU-1(RTNRF-1),Colombo,Colombo,6.84441,6.838611,79.8761,79.883889,curw_kottawa_dharmapala_north,9.042429064155623,6.865576,79.958181,1224,2449,1.0735402187675525," 21,826.00 "," 23,058.00 ",23
CM0424,CM0184,Malabe_South-CM0424-18G/1236-23-ODU-1(RTNRF-1),Athurugiriya_Town-CM0184-18G/1236-23-ODU-1(RTNRF-1),Colombo,Colombo,6.894167,6.877778,79.96,79.989722,curw_kottawa_dharmapala_north,2.9131807709322564,6.865576,79.958181,228,1453,3.751771267200962," 17,850.00 "," 18,860.00 ",18
CM0026,CM0098,Godagama-CM0026-15G/709-23-ODU-1(RTNRF-1),Ranala-CM0098-15G/709-23-ODU-1(RTNRF-1),Colombo,Colombo,6.85253,6.91562,80.0311,80.0239,curw_kottawa_dharmapala_north,7.9298810880907755,6.865576,79.958181,906,2131,7.022370210439254," 14,613.00 "," 15,103.00 ",15
CM0260,CM0758,Kala_Traders-CM0260-18G/1610-24-ODU-1(RTNRF-1),Fairway_Condominium_IBS-CM0758-18G/1610-24-ODU-1(RTNRF-1),Colombo,Colombo,6.928056,6.91012,79.876111,79.906,curw_kottawa_dharmapala_north,9.489954194084092,6.865576,79.958181,509,1734,3.8529620199243486," 18,765.00 "," 17,755.00 ",18
CM0072,CM0484,Nawala-CM0072-26G/669-23-ODU-1(RTNRF-1),Kirimandala_Mw_East-CM0484-26G/669-23-ODU-1(RTNRF-1),Colombo,Colombo,6.889722,6.893889,79.888889,79.883889,curw_kottawa_dharmapala_north,8.448297992239123,6.865576,79.958181,1182,2407,0.7195368951360519," 26,106.50 "," 25,098.50 ",26
CM0124,CM0425,Angoda-CM0124-23G/1313-24-ODU-1(RTNRF-1),Aggona_RT-CM0425-23G/1313-24-ODU-1(RTNRF-1),Colombo,Colombo,6.930278,6.915833,79.928056,79.923333,curw_kottawa_dharmapala_north,7.3005689347661935,6.865576,79.958181,914,2139,1.6805872150230028," 23,156.00 "," 21,924.00 ",23
CM0424,CM0879,Pothuarawa-CM0424-23G/655-23-ODU-1(RTNRF-1),Kalalgoda_East-CM0879-23G/655-23-ODU-1(RTNRF-1),Colombo,Colombo,6.894167,6.87036,79.96,79.955,curw_kottawa_dharmapala_north,1.8470079171082463,6.865576,79.958181,1158,2383,2.690191461468546," 23,058.00 "," 21,826.00 ",23
CM0345,CM0994,Korathota-CM0345-23G/830-23-ODU-1(RTNRF-1),Pittugala-CM0994-23G/830-23-ODU-1(RTNRF-1),Colombo,Colombo,6.90931,6.91053,79.9973,79.9847,curw_kottawa_dharmapala_north,6.099667968944178,6.865576,79.958181,159,1384,1.3990260277713504," 23,114.00 "," 21,882.00 ",23
CM0056,CM0409,Maharagama-CM0056-18G/970-23-ODU-1(RTNRF-1),Pelanwatta-CM0409-18G/970-23-ODU-1(RTNRF-1),Colombo,Colombo,6.83946,6.826944,79.9271,79.953056,curw_kottawa_dharmapala_north,4.101445887061649,6.865576,79.958181,459,1684,3.1854565867449054," 17,782.50 "," 18,792.50 ",18
CM0007,CM0571,Boralesgamuwa-CM0007-23G/759-24-ODU-1(RTNRF-1),Nawinna_South-CM0571-23G/759-24-ODU-1(RTNRF-1),Colombo,Colombo,6.84164,6.85278,79.9095,79.9106,curw_kottawa_dharmapala_north,5.694402082288355,6.865576,79.958181,275,1500,1.237958305153197," 21,938.00 "," 23,170.00 ",23
CM0284,CM1053,Bodhiraja_Mawatha-CM0284-26G/779-23-ODU-1(RTNRF-1),New_Kettaram_Rd_East-CM1053-26G/779-23-ODU-1(RTNRF-1),Colombo,Colombo,6.88078,6.94286,79.9181,79.8743,curw_kottawa_dharmapala_north,8.548673476599653,6.865576,79.958181,475,1700,8.400341699783542," 25,014.00 "," 26,022.00 ",26
CM0424,CM0184,Malabe_South-CM0424-18G/1236-24-ODU-1(RTNRF-1),Athurugiriya_Town-CM0184-18G/1236-24-ODU-1(RTNRF-1),Colombo,Colombo,6.894167,6.877778,79.96,79.989722,curw_kottawa_dharmapala_north,2.9131807709322564,6.865576,79.958181,229,1454,3.751771267200962," 17,850.00 "," 18,860.00 ",18
GM0118,CM0424,Malwana-GM0118-13G/623-23-ODU-1(RTNRF-1),Malabe_S-CM0424-13G/623-23-ODU-1(RTNRF-1),Gampaha,Colombo,6.95196,6.894167,80.0225,79.96,curw_kottawa_dharmapala_north,7.333211069700724,6.865576,79.958181,54,1279,9.410476948856864," 12,765.00 "," 13,031.00 ",13
CM0149,CM1111,Kottawa_Town-CM0149-23G/1491-24-ODU-1(RTNRF-1),Malapalla-CM1111-23G/1491-24-ODU-1(RTNRF-1),Colombo,Colombo,6.843056,6.84148,79.964722,79.9777,curw_kottawa_dharmapala_north,2.9526869387127537,6.865576,79.958181,456,1681,1.4450324401607322," 23,058.00 "," 21,826.00 ",23
CM0565,CM0608,Poorwarama-CM0565-26G/1161-24-ODU-1(RTNRF-1),Balapokuna_East-CM0608-26G/1161-24-ODU-1(RTNRF-1),Colombo,Colombo,6.877778,6.874722,79.882222,79.887222,curw_kottawa_dharmapala_north,8.204442618382231,6.865576,79.958181,1089,2314,0.6477721003285062," 26,106.50 "," 25,098.50 ",26
CM0573,CM0157,Pepiliyana_Town-CM0573-23G/1384-24-ODU-1(RTNRF-1),Nedimala_Suntel-CM0157-23G/1384-24-ODU-1(RTNRF-1),Colombo,Colombo,6.852778,6.85,79.894444,79.878333,curw_kottawa_dharmapala_north,8.088714369508144,6.865576,79.958181,1156,2381,1.8070526720083164," 21,826.00 "," 23,058.00 ",23
CM0115,CM0034,Udahamulla-CM0115-23G/722-23-ODU-1(RTNRF-1),Jubilee_Post-CM0034-23G/722-23-ODU-1(RTNRF-1),Colombo,Colombo,6.86741,6.87621,79.9103,79.9001,curw_kottawa_dharmapala_north,5.89621281213167,6.865576,79.958181,934,2159,1.4893076372840228," 23,198.00 "," 21,966.00 ",23
GM0118,CM0424,Malwana-GM0118-13G/623-25-ODU-1(RTNRF-1),Malabe_S-CM0424-13G/623-25-ODU-1(RTNRF-1),Gampaha,Colombo,6.95196,6.894167,80.0225,79.96,curw_kottawa_dharmapala_north,7.333211069700724,6.865576,79.958181,55,1280,9.410476948856864," 12,765.00 "," 13,031.00 ",13
CM0053,CM0808,Kotikawatta-CM0053-18G/1628-24-ODU-1(RTNRF-1),Obesekarapura_N-CM0808-18G/1628-24-ODU-1(RTNRF-1),Colombo,Colombo,6.935556,6.92158,79.914167,79.8928,curw_kottawa_dharmapala_north,9.223499554199348,6.865576,79.958181,108,1333,2.8221791043983204," 18,902.00 "," 17,892.00 ",18
CM0072,CM0484,Nawala-CM0072-26G/669-24-ODU-1(RTNRF-1),Kirimandala_Mw_East-CM0484-26G/669-24-ODU-1(RTNRF-1),Colombo,Colombo,6.889722,6.893889,79.888889,79.883889,curw_kottawa_dharmapala_north,8.448297992239123,6.865576,79.958181,1183,2408,0.7195368951360519," 26,106.50 "," 25,098.50 ",26
CM0162,CM1098,Rajagiriya-CM0162-23G/1584-23-ODU-1(RTNRF-1),Iconic_Residancies_IBS_Etisalat-CM1098-23G/1584-23-ODU-1(RTNRF-1),Colombo,Colombo,6.91103,6.907222,79.8902,79.890556,curw_kottawa_dharmapala_north,8.907930154287643,6.865576,79.958181,1190,2415,0.42296189099405257," 23,044.00 "," 21,812.00 ",23
CM0053,CM0193,Kotikawatta-CM0053-23G/1328-23-ODU-1(RTNRF-1),Gothatuwa-CM0193-23G/1328-23-ODU-1(RTNRF-1),Colombo,Colombo,6.935556,6.922778,79.914167,79.913889,curw_kottawa_dharmapala_north,8.559714647950333,6.865576,79.958181,661,1886,1.4134585423038353," 23,114.00 "," 21,882.00 ",23
CM0424,CM0436,Malabe_South-CM0424-23G/699-23-ODU-1(RTNRF-1),Udumulla_RT-CM0436-23G/699-23-ODU-1(RTNRF-1),Colombo,Colombo,6.894167,6.9274,79.96,79.9407,curw_kottawa_dharmapala_north,5.073870707885116,6.865576,79.958181,220,1445,4.249350100961763," 23,058.00 "," 21,826.00 ",23
CM0162,CM1132,Rajagiriya-CM0162-26G/1258-23-ODU-1(RTNRF-1),Rajagiriya_East-CM1132-26G/1258-23-ODU-1(RTNRF-1),Colombo,Colombo,6.91103,6.909722,79.8902,79.896111,curw_kottawa_dharmapala_north,8.728989803562511,6.865576,79.958181,1025,2250,0.6690846631998345," 25,994.50 "," 24,986.50 ",26
CM0127,CM0801,Battaramulla-CM0127-26G/561-24-ODU-1(RTNRF-1),Gothatuwa_South-CM0801-26G/561-24-ODU-1(RTNRF-1),Colombo,Colombo,6.90607,6.9172,79.9149,79.9133,curw_kottawa_dharmapala_north,7.048461539045453,6.865576,79.958181,513,1738,1.2435070715197913," 26,134.50 "," 25,126.50 ",26
CM0053,CM0193,Kotikawatta-CM0053-23G/1328-24-ODU-1(RTNRF-1),Gothatuwa-CM0193-23G/1328-24-ODU-1(RTNRF-1),Colombo,Colombo,6.935556,6.922778,79.914167,79.913889,curw_kottawa_dharmapala_north,8.559714647950333,6.865576,79.958181,662,1887,1.4134585423038353," 23,114.00 "," 21,882.00 ",23
CM0260,CM0758,Kala_Traders-CM0260-18G/1610-23-ODU-1(RTNRF-1),Fairway_Condominium_IBS-CM0758-18G/1610-23-ODU-1(RTNRF-1),Colombo,Colombo,6.928056,6.91012,79.876111,79.906,curw_kottawa_dharmapala_north,9.489954194084092,6.865576,79.958181,508,1733,3.8529620199243486," 18,765.00 "," 17,755.00 ",18
CM0158,CM0524,Narahenpita-CM0158-23G/1560-23-ODU-1(RTNRF-1),Thimbirigasyaya_Place-CM0524-23G/1560-23-ODU-1(RTNRF-1),Colombo,Colombo,6.89684,6.898333,79.8767,79.875278,curw_kottawa_dharmapala_north,9.74949735006479,6.865576,79.958181,1010,2235,0.2279483428444849," 23,044.00 "," 21,812.00 ",23
CM0127,CM0802,Battaramulla-CM0127-26G/1210-23-ODU-1(RTNRF-1),Madinnagoda_South-CM0802-26G/1210-23-ODU-1(RTNRF-1),Colombo,Colombo,6.90607,6.9101,79.9149,79.907,curw_kottawa_dharmapala_north,7.024887922805763,6.865576,79.958181,510,1735,0.9802560418317469," 25,867.00 "," 24,859.00 ",26
CM0149,CM1111,Kottawa_Town-CM0149-23G/1491-23-ODU-1(RTNRF-1),Malapalla-CM1111-23G/1491-23-ODU-1(RTNRF-1),Colombo,Colombo,6.843056,6.84148,79.964722,79.9777,curw_kottawa_dharmapala_north,2.9526869387127537,6.865576,79.958181,455,1680,1.4450324401607322," 23,058.00 "," 21,826.00 ",23
CM0127,CM1131,Battaramulla-CM0127-23G/828-24-ODU-1(RTNRF-1),Buthgamuwa_Rd_Reloc-CM1131-23G/828-24-ODU-1(RTNRF-1),Colombo,Colombo,6.90607,6.913889,79.9149,79.91,curw_kottawa_dharmapala_north,7.046944236818378,6.865576,79.958181,37,1262,1.0202797454045018," 23,114.00 "," 21,882.00 ",23
CM0026,CM0098,Godagama-CM0026-15G/709-24-ODU-1(RTNRF-1),Ranala-CM0098-15G/709-24-ODU-1(RTNRF-1),Colombo,Colombo,6.85253,6.91562,80.0311,80.0239,curw_kottawa_dharmapala_north,7.9298810880907755,6.865576,79.958181,907,2132,7.022370210439254," 14,613.00 "," 15,103.00 ",15
CM0053,CM0806,Kotikawatta-CM0053-26G/629-24-ODU-1(RTNRF-1),Mahabuthgamuwa-CM0806-26G/629-24-ODU-1(RTNRF-1),Colombo,Colombo,6.935556,6.94004,79.914167,79.9081,curw_kottawa_dharmapala_north,9.530420049309287,6.865576,79.958181,755,1980,0.8339215175113299," 25,067.00 "," 26,075.00 ",26
CM0344,CM0125,Nedimala_South-CM0344-23G/716-23-ODU-1(RTNRF-1),Attidiya-CM0125-23G/716-23-ODU-1(RTNRF-1),Colombo,Colombo,6.84441,6.838611,79.8761,79.883889,curw_kottawa_dharmapala_north,9.042429064155623,6.865576,79.958181,1225,2450,1.0735402187675525," 21,826.00 "," 23,058.00 ",23
GM0042,GM0289,Ragama-GM0042-23G/1504-23-ODU-1(RTNRF-1),Elapitiwala_Airtel-GM0289-23G/1504-23-ODU-1(RTNRF-1),Gampaha,Gampaha,7.03004,7.02464,79.9243,79.9088,curw_mutwal,9.768201103264598,6.95871,79.8609,921,2146,1.8137126691544778," 23,058.00 "," 21,826.00 ",23
GM0020,GM0513,Kandana-GM0020-18G/1551-23-ODU-1(RTNRF-1),Nugape_West-GM0513-18G/1551-23-ODU-1(RTNRF-1),Gampaha,Gampaha,7.03152,7.045556,79.9043,79.857778,curw_mutwal,9.104374543919375,6.95871,79.8609,226,1451,5.369307593021161," 18,875.00 "," 17,865.00 ",18
GM0042,GM0289,Ragama-GM0042-23G/1504-24-ODU-1(RTNRF-1),Elapitiwala_Airtel-GM0289-23G/1504-24-ODU-1(RTNRF-1),Gampaha,Gampaha,7.03004,7.02464,79.9243,79.9088,curw_mutwal,9.768201103264598,6.95871,79.8609,922,2147,1.8137126691544778," 23,058.00 "," 21,826.00 ",23
GM0042,GM0252,Ragama-GM0042-23G/801-24-ODU-1(RTNRF-1),Horape-GM0252-23G/801-24-ODU-1(RTNRF-1),Gampaha,Gampaha,7.03004,7.01806,79.9243,79.9193,curw_mutwal,9.87412221881003,6.95871,79.8609,413,1638,1.4354449755206649," 23,156.00 "," 21,924.00 ",23
GM0042,GM0252,Ragama-GM0042-23G/801-23-ODU-1(RTNRF-1),Horape-GM0252-23G/801-23-ODU-1(RTNRF-1),Gampaha,Gampaha,7.03004,7.01806,79.9243,79.9193,curw_mutwal,9.87412221881003,6.95871,79.8609,412,1637,1.4354449755206649," 23,156.00 "," 21,924.00 ",23
CM0050,CM0793,Kolonnawa-CM0050-26G/597-23-ODU-1(RTNRF-1),Kolonnawa_North-CM0793-26G/597-23-ODU-1(RTNRF-1),Colombo,Colombo,6.93378,6.9383,79.8875,79.8857,curw_orugodawatta,1.2062507645797977,6.943741,79.87887,560,1785,0.5379939173386942," 25,994.50 "," 24,986.50 ",26
CM0161,CM0163,Pettah-CM0161-23G/1320-23-ODU-1(RTNRF-1),Rangala_SLN-CM0163-23G/1320-23-ODU-1(RTNRF-1),Colombo,Colombo,6.94135,6.938611,79.8591,79.848611,curw_orugodawatta,2.795431432102369,6.943741,79.87887,301,1526,1.1980565369087484," 22,778.00 "," 21,546.00 ",23
GM0535,GM0027,Sinharamulla-GM0535-23G/818-24-ODU-1(RTNRF-1),Kelaniya-GM0027-23G/818-24-ODU-1(RTNRF-1),Gampaha,Gampaha,6.951111,6.95735,79.903889,79.9163,curw_orugodawatta,3.64031027935531,6.943741,79.87887,339,1564,1.5352680171938373," 21,854.00 "," 23,086.00 ",23
CM0426,CM0771,DBN_Office_Ind-CM0426-26G/807-23-ODU-1(RTNRF-1),Chamber_of_Comm_Ind-CM0771-26G/807-23-ODU-1(RTNRF-1),Colombo,Colombo,6.912778,6.918611,79.853611,79.85,curw_orugodawatta,4.3088429759380595,6.943741,79.87887,965,2190,0.7585357178834294," 26,078.50 "," 25,070.50 ",26
GM0045,GM0123,Thorana_Jn-GM0045-23G/1343-23-ODU-1(RTNRF-1),Iriyawetiya-GM0123-23G/1343-23-ODU-1(RTNRF-1),Gampaha,Gampaha,6.968,6.98066,79.9058,79.9158,curw_orugodawatta,4.888092851933888,6.943741,79.87887,817,2042,1.783611479414513," 23,058.00 "," 21,826.00 ",23
CM0027,CM0302,Grandpass-CM0027-26G/838-23-ODU-1(RTNRF-1),Cyril_C_Perera_Mw-CM0302-26G/838-23-ODU-1(RTNRF-1),Colombo,Colombo,6.94608,6.94584,79.8699,79.8651,curw_orugodawatta,1.2802176613204241,6.943741,79.87887,13,1238,0.5311014688298169," 26,064.50 "," 25,056.50 ",26
CM0173,CM0523,Thummulla-CM0173-26G/915-24-ODU-1(RTNRF-1),Kassapa_Road-CM0523-26G/915-24-ODU-1(RTNRF-1),Colombo,Colombo,6.894722,6.893889,79.861111,79.864444,curw_orugodawatta,5.749084138483172,6.943741,79.87887,1150,2375,0.3797072191949651," 25,865.00 "," 24,857.00 ",26
CM0260,CM1094,Kala traders-CM0260-23G/1599-24-ODU-1(RTNRF-1),CPC_HO_IBS-CM1094-23G/1599-24-ODU-1(RTNRF-1),Colombo,Colombo,6.928056,6.938333,79.876111,79.877778,curw_orugodawatta,1.1855938872437486,6.943741,79.87887,587,1812,1.1513715788363725," 23,198.00 "," 21,966.00 ",23
CM0378,CM0707,Jaya_Rd-CM0378-26G/832-24-ODU-1(RTNRF-1),Majestic_Ind-CM0707-26G/832-24-ODU-1(RTNRF-1),Colombo,Colombo,6.88709,6.894167,79.8562,79.855,curw_orugodawatta,6.412038175663912,6.943741,79.87887,300,1525,0.7938048318166254," 26,022.50 "," 25,014.50 ",26
CM0118,CM0282,Ward_Place-CM0118-26G/684-24-ODU-1(RTNRF-1),Barnes_Place-CM0282-26G/684-24-ODU-1(RTNRF-1),Colombo,Colombo,6.915833,6.913333,79.8725,79.873056,curw_orugodawatta,3.2941263791962494,6.943741,79.87887,1177,2402,0.2832218278685498," 25,098.50 "," 26,106.50 ",26
CM0150,CM0522,Landmark-CM0150-26G/1301-23-ODU-1(RTNRF-1),Albert_Crecent-CM0522-26G/1301-23-ODU-1(RTNRF-1),Colombo,Colombo,6.903611,6.908611,79.8525,79.863333,curw_orugodawatta,4.7623910476259095,6.943741,79.87887,400,1625,1.3187573405325754," 26,071.00 "," 25,063.00 ",26
CM0764,CM0260,Hedges_Court_Ind-CM0764-23G/866-23-ODU-1(RTNRF-1),Kala_Traders-CM0260-23G/866-23-ODU-1(RTNRF-1),Colombo,Colombo,6.92161,6.928056,79.8649,79.876111,curw_orugodawatta,2.28624569069418,6.943741,79.87887,971,2196,1.4294045385532494," 21,854.00 "," 23,086.00 ",23
GM0698,GM0009,Enderamulla_East-GM0698-26G/1453-23-ODU-1(RTNRF-1),Enderamulla-GM0009-26G/1453-23-ODU-1(RTNRF-1),Gampaha,Gampaha,6.995778,6.99205,79.917019,79.9128,curw_orugodawatta,6.82990646155112,6.943741,79.87887,617,1842,0.6223387206000859," 25,126.50 "," 26,134.50 ",26
GM0091,GM0027,Pethiyagoda-GM0091-23G/1461-24-ODU-1(RTNRF-1),Kelaniya-GM0027-23G/1461-24-ODU-1(RTNRF-1),Gampaha,Gampaha,6.95798,6.95735,79.8963,79.9163,curw_orugodawatta,3.39990535709864,6.943741,79.87887,841,2066,2.211200986185806," 21,854.00 "," 23,086.00 ",23
GM0015,GM0584,Handala-GM0015-26G/1336-24-ODU-1(RTNRF-1),ALWIS_TOWN-GM0584-26G/1336-24-ODU-1(RTNRF-1),Gampaha,Gampaha,6.9977,6.991528,79.886,79.886,curw_orugodawatta,5.680976983896101,6.943741,79.87887,1192,2417,0.6825660691036747," 26,022.50 "," 25,014.50 ",26
CM0169,CM1327,Seylan_Tower-CM0169-18G/1913-23-ODU-1(RTNRF-1),CICT_Yard-CM1327-18G/1913-23-ODU-1(RTNRF-1),Colombo,Colombo,6.91748,6.943333,79.847,79.825833,curw_orugodawatta,4.917839452816062,6.943741,79.87887,1047,2272,3.694085324571552," 18,737.50 "," 17,727.50 ",18
GM0016,CM0463,Hekiththa-GM0016-26G/720-24-ODU-1(RTNRF-1),Farm_Rd-CM0463-26G/720-24-ODU-1(RTNRF-1),Gampaha,Colombo,6.986944,6.9741,79.88,79.8785,curw_orugodawatta,4.067849294522861,6.943741,79.87887,127,1352,1.4300646368418295," 26,078.50 "," 25,070.50 ",26
CM0148,CM0491,Kotahena-CM0148-26G/774-24-ODU-1(RTNRF-1),Sugathadasa_North-CM0491-26G/774-24-ODU-1(RTNRF-1),Colombo,Colombo,6.95016,6.95158,79.8641,79.8722,curw_orugodawatta,1.4230070131195245,6.943741,79.87887,135,1360,0.9087757223216222," 26,106.50 "," 25,098.50 ",26
CM0148,CM0276,Kotahena-CM0148-26G/831-24-ODU-1(RTNRF-1),Gunananda_Mw-CM0276-26G/831-24-ODU-1(RTNRF-1),Colombo,Colombo,6.95016,6.953333,79.8641,79.861389,curw_orugodawatta,1.989797882005971,6.943741,79.87887,735,1960,0.46139307846823074," 25,865.00 "," 24,857.00 ",26
CM0200,CM0233,Rotunda_Gardens-CM0200-26G/1215-23-ODU-1(RTNRF-1),Tourist_Board-CM0233-26G/1215-23-ODU-1(RTNRF-1),Colombo,Colombo,6.91656,6.91872,79.8482,79.8471,curw_orugodawatta,4.498406358701863,6.943741,79.87887,1106,2331,0.268029198555193," 24,986.50 "," 25,994.50 ",26
CM0173,CM1032,Thummulla-CM0173-26G/1228-24-ODU-1(RTNRF-1),Devos_Lane-CM1032-26G/1228-24-ODU-1(RTNRF-1),Colombo,Colombo,6.894722,6.892222,79.861111,79.858333,curw_orugodawatta,5.948399556022124,6.943741,79.87887,1148,2373,0.41316224052299144," 26,022.50 "," 25,014.50 ",26
GM0016,CM0463,Hekiththa-GM0016-26G/720-23-ODU-1(RTNRF-1),Farm_Rd-CM0463-26G/720-23-ODU-1(RTNRF-1),Gampaha,Colombo,6.986944,6.9741,79.88,79.8785,curw_orugodawatta,4.067849294522861,6.943741,79.87887,126,1351,1.4300646368418295," 26,078.50 "," 25,070.50 ",26
GM0045,GM0250,Thorana_Jn-GM0045-23G/701-23-ODU-1(RTNRF-1),Hunupitiya_South-GM0250-23G/701-23-ODU-1(RTNRF-1),Gampaha,Gampaha,6.968,6.97806,79.9058,79.9042,curw_orugodawatta,4.339275912606597,6.943741,79.87887,768,1993,1.1265027820822733," 21,854.00 "," 23,086.00 ",23
CM0682,CM0959,Passport_Office_Ind-CM0682-26G/648-24-ODU-1(RTNRF-1),Noris_Canal_Rd_Reloc-CM0959-26G/648-24-ODU-1(RTNRF-1),Colombo,Colombo,6.921667,6.918056,79.871667,79.870278,curw_orugodawatta,2.7813259769586067,6.943741,79.87887,1023,2248,0.4278287190711478," 25,042.50 "," 26,050.50 ",26
CM0591,CM0013,Pettah_South-CM0591-26G/795-23-ODU-1(RTNRF-1),Dam_St_North-CM0013-26G/795-23-ODU-1(RTNRF-1),Colombo,Colombo,6.93928,6.93833,79.8606,79.8577,curw_orugodawatta,2.2465648460586114,6.943741,79.87887,1216,2441,0.3372591951854646," 24,986.50 "," 25,994.50 ",26
CM0154,CM0232,Meewella-CM0154-26G/1283-23-ODU-1(RTNRF-1),Dhammarama_Rd-CM0232-26G/1283-23-ODU-1(RTNRF-1),Colombo,Colombo,6.884444,6.880833,79.858611,79.863056,curw_orugodawatta,7.045214360416792,6.943741,79.87887,773,1998,0.6331055036084804," 25,070.50 "," 26,078.50 ",26
CM0174,CM0940,Thursten_Road_Dialog(Janatha Court BSC)-CM0174-23G/1506-24-ODU-1(RTNRF-1),Independence_Avenue_Suntel-CM0940-23G/1506-24-ODU-1(RTNRF-1),Colombo,Colombo,6.903611,6.908611,79.8575,79.865,curw_orugodawatta,4.594556883945399,6.943741,79.87887,1053,2278,0.9963912011966275," 23,030.00 "," 21,798.00 ",23
CM0260,CM0740,Kala_Traders-CM0260-23G/867-23-ODU-1(RTNRF-1),Unilever_Ind-CM0740-23G/867-23-ODU-1(RTNRF-1),Colombo,Colombo,6.928056,6.94161,79.876111,79.8689,curw_orugodawatta,1.2104479810471638,6.943741,79.87887,835,2060,1.6976059492452735," 23,030.00 "," 21,798.00 ",23
GM0015,CM0019,Handala-GM0015-18G/1625-24-ODU-1(RTNRF-1),Ellie_House-CM0019-18G/1625-24-ODU-1(RTNRF-1),Gampaha,Colombo,6.9977,6.96351,79.886,79.8636,curw_orugodawatta,4.101544735158785,6.943741,79.87887,332,1557,4.519211449017519," 17,727.50 "," 18,737.50 ",18
CM0174,CM0940,Thursten_Road_Dialog(Janatha Court BSC)-CM0174-23G/1506-23-ODU-1(RTNRF-1),Independence_Avenue_Suntel-CM0940-23G/1506-23-ODU-1(RTNRF-1),Colombo,Colombo,6.903611,6.908611,79.8575,79.865,curw_orugodawatta,4.594556883945399,6.943741,79.87887,1052,2277,0.9963912011966275," 23,030.00 "," 21,798.00 ",23
CM0059,CM1360/P,Maligakanda-CM0059-26G/1405-23-ODU-1(RTNRF-1),Maradana_Station-CM1360/P-26G/1405-23-ODU-1(RTNRF-1),Colombo,Colombo,6.925,6.928611,79.8672,79.865556,curw_orugodawatta,2.3267016857177483,6.943741,79.87887,777,2002,0.4387282965856229," 25,994.50 "," 24,986.50 ",26
CM0389,CM0651,Hemson_Ind-CM0389-26G/1285-23-ODU-1(RTNRF-1),Chatham_St-CM0651-26G/1285-23-ODU-1(RTNRF-1),Colombo,Colombo,6.93523,6.9348,79.8454,79.8434,curw_orugodawatta,3.9295941003754193,6.943741,79.87887,827,2052,0.22607874790305585," 26,078.50 "," 25,070.50 ",26
CM0059,CM0829,Maligakanda-CM0059-26G/1404-24-ODU-1(RTNRF-1),Symonds_Road_Lanka_Bell-CM0829-26G/1404-24-ODU-1(RTNRF-1),Colombo,Colombo,6.925,6.925278,79.8672,79.865,curw_orugodawatta,2.494720280394628,6.943741,79.87887,1075,2300,0.2450641484646414," 26,071.50 "," 25,063.50 ",26
CM0120,CM1077,Wellawatta_North_Dialog-CM0120-23G/1555-24-ODU-1(RTNRF-1),Omega_Hotel_Suntel(Wellawatta Temp)(COL/031)-CM1077-23G/1555-24-ODU-1(RTNRF-1),Colombo,Colombo,6.878333,6.869167,79.862222,79.862222,curw_orugodawatta,7.955994309782834,6.943741,79.87887,1031,2256,1.013669608084628," 23,100.00 "," 21,868.00 ",23
CM0200,CM0233,Rotunda_Gardens-CM0200-26G/1215-24-ODU-1(RTNRF-1),Tourist_Board-CM0233-26G/1215-24-ODU-1(RTNRF-1),Colombo,Colombo,6.91656,6.91872,79.8482,79.8471,curw_orugodawatta,4.498406358701863,6.943741,79.87887,1107,2332,0.268029198555193," 24,986.50 "," 25,994.50 ",26
CM0460,CM0726,Joseph_Lane-CM0460-26G/674-24-ODU-1(RTNRF-1),Premier_Pacific_Ind-CM0726-26G/674-24-ODU-1(RTNRF-1),Colombo,Colombo,6.893611,6.893889,79.856111,79.857222,curw_orugodawatta,6.0486136274023785,6.943741,79.87887,928,2153,0.1265781601740849," 26,148.50 "," 25,140.50 ",26
GM0009,GM0191,Enderamulla-GM0009-23G/899-24-ODU-1(RTNRF-1),Kurunduwatta-GM0191-23G/899-24-ODU-1(RTNRF-1),Gampaha,Gampaha,6.99205,6.98296,79.9128,79.8956,curw_orugodawatta,5.5909910772536655,6.943741,79.87887,224,1449,2.1500528037201647," 23,170.00 "," 21,938.00 ",23
CM0262,CM0081,Dharmapala_Mw-CM0262-26G/810-24-ODU-1(RTNRF-1),Odel-CM0081-26G/810-24-ODU-1(RTNRF-1),Colombo,Colombo,6.916944,6.91707,79.863333,79.8655,curw_orugodawatta,3.3604073177666116,6.943741,79.87887,875,2100,0.2398902420098039," 26,078.50 "," 25,070.50 ",26
CM0131,CM0653,Colombo_7_NCC_Suntel-CM0131-26G/1246-23-ODU-1(RTNRF-1),Horton_Place-CM0653-26G/1246-23-ODU-1(RTNRF-1),Colombo,Colombo,6.907222,6.911667,79.8675,79.875556,curw_orugodawatta,3.878680488392721,6.943741,79.87887,677,1902,1.0170126805766142," 25,994.50 "," 24,986.50 ",26
CM0148,CM0276,Kotahena-CM0148-26G/831-23-ODU-1(RTNRF-1),Gunananda_Mw-CM0276-26G/831-23-ODU-1(RTNRF-1),Colombo,Colombo,6.95016,6.953333,79.8641,79.861389,curw_orugodawatta,1.989797882005971,6.943741,79.87887,734,1959,0.46139307846823074," 25,865.00 "," 24,857.00 ",26
CM0120,CM1077,Wellawatta_North_Dialog-CM0120-23G/1555-23-ODU-1(RTNRF-1),Omega_Hotel_Suntel(Wellawatta Temp)(COL/031)-CM1077-23G/1555-23-ODU-1(RTNRF-1),Colombo,Colombo,6.878333,6.869167,79.862222,79.862222,curw_orugodawatta,7.955994309782834,6.943741,79.87887,1030,2255,1.013669608084628," 23,100.00 "," 21,868.00 ",23
CM0378,CM0707,Jaya_Rd-CM0378-26G/832-23-ODU-1(RTNRF-1),Majestic_Ind-CM0707-26G/832-23-ODU-1(RTNRF-1),Colombo,Colombo,6.88709,6.894167,79.8562,79.855,curw_orugodawatta,6.412038175663912,6.943741,79.87887,299,1524,0.7938048318166254," 26,022.50 "," 25,014.50 ",26
CM0589,CM0062,Crow_Island-CM0589-26G/678-23-ODU-1(RTNRF-1),Mattakkuliya_North-CM0062-26G/678-23-ODU-1(RTNRF-1),Colombo,Colombo,6.97356,6.97301,79.8723,79.8757,curw_orugodawatta,3.311311783110844,6.943741,79.87887,380,1605,0.38059685843696006," 26,106.50 "," 25,098.50 ",26
GM0091,GM0027,Pethiyagoda-GM0091-23G/1461-23-ODU-1(RTNRF-1),Kelaniya-GM0027-23G/1461-23-ODU-1(RTNRF-1),Gampaha,Gampaha,6.95798,6.95735,79.8963,79.9163,curw_orugodawatta,3.39990535709864,6.943741,79.87887,840,2065,2.211200986185806," 21,854.00 "," 23,086.00 ",23
CM0150,CM0964,Landmark-CM0150-26G/869-24-ODU-1(RTNRF-1),Kollupitiya_South-CM0964-26G/869-24-ODU-1(RTNRF-1),Colombo,Colombo,6.903611,6.898333,79.8525,79.853333,curw_orugodawatta,5.531547763428213,6.943741,79.87887,129,1354,0.5909111413775621," 25,994.50 "," 24,986.50 ",26
CM0050,CM0348,Kolonnawa-CM0050-26G/1177-23-ODU-1(RTNRF-1),Salamulla-CM0348-26G/1177-23-ODU-1(RTNRF-1),Colombo,Colombo,6.93378,6.929167,79.8875,79.894444,curw_orugodawatta,1.9050359344429535,6.943741,79.87887,814,2039,0.9214904048230863," 26,078.50 "," 25,070.50 ",26
GM0020,GM0102,Kandana-GM0020-26G/1201-23-ODU-1(RTNRF-1),Welisara-GM0102-26G/1201-23-ODU-1(RTNRF-1),Gampaha,Gampaha,7.03152,7.01429,79.9043,79.8978,curw_orugodawatta,9.091386919201392,6.943741,79.87887,315,1540,2.036331292365279," 25,014.50 "," 26,022.50 ",26
CM0474,CM0050,Orugodawatta_North-CM0474-23G/1486-23-ODU-1(RTNRF-1),Kolonnawa-CM0050-23G/1486-23-ODU-1(RTNRF-1),Colombo,Colombo,6.9496,6.93378,79.8771,79.8875,curw_orugodawatta,0.44172690529839265,6.943741,79.87887,1000,2225,2.0932675218927863," 21,910.00 "," 23,142.00 ",23
CM0050,CM0239,Kolonnawa-CM0050-18G/694-24-ODU-1(RTNRF-1),Kohilawatta-CM0239-18G/694-24-ODU-1(RTNRF-1),Colombo,Colombo,6.93378,6.94503,79.8875,79.9145,curw_orugodawatta,2.4921304907925683,6.943741,79.87887,73,1298,3.232751346551396," 18,820.00 "," 17,810.00 ",18
GM0015,GM0068,Handala-GM0015-23G/913-23-ODU-1(RTNRF-1),Elakanda-GM0068-23G/913-23-ODU-1(RTNRF-1),Gampaha,Gampaha,6.9977,6.994444,79.886,79.874722,curw_orugodawatta,5.789662937564833,6.943741,79.87887,93,1318,1.2971559475234236," 21,882.00 "," 23,114.00 ",23
CM0173,CM0523,Thummulla-CM0173-26G/915-23-ODU-1(RTNRF-1),Kassapa_Road-CM0523-26G/915-23-ODU-1(RTNRF-1),Colombo,Colombo,6.894722,6.893889,79.861111,79.864444,curw_orugodawatta,5.749084138483172,6.943741,79.87887,1149,2374,0.3797072191949651," 25,865.00 "," 24,857.00 ",26
CM0174,CM1195,Jantha_Courts-CM0174-23G/1524-23-ODU-1(RTNRF-1),Suncity(Cinammon Red)-CM1195-23G/1524-23-ODU-1(RTNRF-1),Colombo,Colombo,6.903611,6.912222,79.8575,79.855556,curw_orugodawatta,4.668248622477611,6.943741,79.87887,363,1588,0.976227907329555," 23,030.00 "," 21,798.00 ",23
CM0302,CM1043,Cyril_C_Perera_Mw-CM0302-26G/778-23-ODU-1(RTNRF-1),Jethawana_Rd-CM1043-26G/778-23-ODU-1(RTNRF-1),Colombo,Colombo,6.94584,6.94422,79.8651,79.8666,curw_orugodawatta,1.4458618383480948,6.943741,79.87887,678,1903,0.24407824345675205," 25,014.50 "," 26,022.50 ",26
CM0591,CM0594,Pettah_South-CM0591-26G/1291-23-ODU-1(RTNRF-1),Dias_Place-CM0594-26G/1291-23-ODU-1(RTNRF-1),Colombo,Colombo,6.93928,6.936111,79.8606,79.856111,curw_orugodawatta,2.363569093265665,6.943741,79.87887,1024,2249,0.6073853759139852," 25,994.50 "," 24,986.50 ",26
CM0302,CM1043,Cyril_C_Perera_Mw-CM0302-26G/778-24-ODU-1(RTNRF-1),Jethawana_Rd-CM1043-26G/778-24-ODU-1(RTNRF-1),Colombo,Colombo,6.94584,6.94422,79.8651,79.8666,curw_orugodawatta,1.4458618383480948,6.943741,79.87887,679,1904,0.24407824345675205," 25,014.50 "," 26,022.50 ",26
CM0786,CM0421,Ascon_Ind-CM0786-26G/806-24-ODU-1(RTNRF-1),Mahawela_Gardens-CM0421-26G/806-24-ODU-1(RTNRF-1),Colombo,Colombo,6.93818,6.93997,79.8787,79.8806,curw_orugodawatta,0.5231650386566464,6.943741,79.87887,883,2108,0.2885715427418543," 25,028.50 "," 26,036.50 ",26
GM0016,GM0374,Hekitta-GM0016-26G/1303-23-ODU-1(RTNRF-1),Lansiyawatta-GM0374-26G/1303-23-ODU-1(RTNRF-1),Gampaha,Gampaha,6.986944,6.984444,79.88,79.8725,curw_orugodawatta,4.648632060494059,6.943741,79.87887,179,1404,0.8736408558045691," 26,022.50 "," 25,014.50 ",26
CM0426,CM0771,DBN_Office_Ind-CM0426-26G/807-24-ODU-1(RTNRF-1),Chamber_of_Comm_Ind-CM0771-26G/807-24-ODU-1(RTNRF-1),Colombo,Colombo,6.912778,6.918611,79.853611,79.85,curw_orugodawatta,4.3088429759380595,6.943741,79.87887,966,2191,0.7585357178834294," 26,078.50 "," 25,070.50 ",26
GM0020,GM0061,Kandana DAP-GM0020-18G/1909-23-ODU-1(RTNRF-1),Uswetakeiyawa_South_Relocation-GM0061-18G/1909-23-ODU-1(RTNRF-1),Gampaha,Gampaha,7.03152,7.028611,79.9043,79.8625,curw_orugodawatta,9.559801282123557,6.943741,79.87887,696,1921,4.629595412357098," 18,002.50 "," 19,012.50 ",18
GM0016,CM0590,Hekiththa-GM0016-23G/760-23-ODU-1(RTNRF-1),Jubilee_Mw-CM0590-23G/760-23-ODU-1(RTNRF-1),Gampaha,Colombo,6.986944,6.96912,79.88,79.8788,curw_orugodawatta,3.792714008210768,6.943741,79.87887,987,2212,1.9756230110851851," 23,114.00 "," 21,882.00 ",23
CM0154,CM0232,Meewella-CM0154-26G/1283-24-ODU-1(RTNRF-1),Dhammarama_Rd-CM0232-26G/1283-24-ODU-1(RTNRF-1),Colombo,Colombo,6.884444,6.880833,79.858611,79.863056,curw_orugodawatta,7.045214360416792,6.943741,79.87887,774,1999,0.6331055036084804," 25,070.50 "," 26,078.50 ",26
GM0014,GM0027,Gonawala-GM0014-18G/1337-23-ODU-1(RTNRF-1),Kelaniya-GM0027-18G/1337-23-ODU-1(RTNRF-1),Gampaha,Gampaha,6.95484,6.95735,79.9481,79.9163,curw_orugodawatta,6.049629167867524,6.943741,79.87887,808,2033,3.52502184323196," 17,810.00 "," 18,820.00 ",18
CM0174,CM0231,Thursten-CM0174-23G/1314-23-ODU-1(RTNRF-1),Bullers_Rd-CM0231-23G/1314-23-ODU-1(RTNRF-1),Colombo,Colombo,6.903611,6.902222,79.8575,79.868333,curw_orugodawatta,4.846836595130841,6.943741,79.87887,1108,2333,1.2070545277396396," 23,114.00 "," 21,882.00 ",23
CM0912,CM0860,Kotawila_Rd-CM0912-26G/563-23-ODU-1(RTNRF-1),Wennawatta_South-CM0860-26G/563-23-ODU-1(RTNRF-1),Colombo,Colombo,6.94689,6.943,79.8986,79.8968,curw_orugodawatta,2.0851263301984484,6.943741,79.87887,824,2049,0.4739583965701712," 24,902.50 "," 25,910.50 ",26
GM0015,CM0019,Handala-GM0015-18G/1625-23-ODU-1(RTNRF-1),Ellie_House-CM0019-18G/1625-23-ODU-1(RTNRF-1),Gampaha,Colombo,6.9977,6.96351,79.886,79.8636,curw_orugodawatta,4.101544735158785,6.943741,79.87887,331,1556,4.519211449017519," 17,727.50 "," 18,737.50 ",18
CM0174,CM0536,Thursten-CM0174-23G/1051-25-ODU-1(RTNRF-1),Bullers_Rd_South-CM0536-23G/1051-25-ODU-1(RTNRF-1),Colombo,Colombo,6.903611,6.898611,79.8575,79.869167,curw_orugodawatta,5.017397354691992,6.943741,79.87887,1071,2296,1.4029797591658943," 23,338.00 "," 22,106.00 ",23
GM0009,GM0251,Enderamulla-GM0009-26G/494-23-ODU-1(RTNRF-1),Enderamulla_West-GM0251-26G/494-23-ODU-1(RTNRF-1),Gampaha,Gampaha,6.99205,6.99383,79.9128,79.9062,curw_orugodawatta,6.407814230299206,6.943741,79.87887,377,1602,0.7553800261251332," 26,050.50 "," 25,042.50 ",26
CM0174,CM1195,Jantha_Courts-CM0174-23G/1524-24-ODU-1(RTNRF-1),Suncity(Cinammon Red)-CM1195-23G/1524-24-ODU-1(RTNRF-1),Colombo,Colombo,6.903611,6.912222,79.8575,79.855556,curw_orugodawatta,4.668248622477611,6.943741,79.87887,364,1589,0.976227907329555," 23,030.00 "," 21,798.00 ",23
CM0150,CM0964,Landmark-CM0150-26G/869-23-ODU-1(RTNRF-1),Kollupitiya_South-CM0964-26G/869-23-ODU-1(RTNRF-1),Colombo,Colombo,6.903611,6.898333,79.8525,79.853333,curw_orugodawatta,5.531547763428213,6.943741,79.87887,128,1353,0.5909111413775621," 25,994.50 "," 24,986.50 ",26
CM0050,CM0633,Kolonnawa-CM0050-26G/690-24-ODU-1(RTNRF-1),Kolonnawa_Town-CM0633-26G/690-24-ODU-1(RTNRF-1),Colombo,Colombo,6.93378,6.93295,79.8875,79.8938,curw_orugodawatta,1.735343683982703,6.943741,79.87887,796,2021,0.7022429547264869," 26,134.00 "," 25,126.00 ",26
GM0548,GM0632,Mabole_Zone_DBN-GM0548-23G/1515-24-ODU-1(RTNRF-1),Nayakkanda_Mobitel-GM0632-23G/1515-24-ODU-1(RTNRF-1),Gampaha,Gampaha,7.004444,6.998056,79.896389,79.880833,curw_orugodawatta,6.450401902069756,6.943741,79.87887,726,1951,1.8583739220159146," 23,142.00 "," 21,910.00 ",23
CM0050,CM0903,Kolonnawa-CM0050-23G/862-23-ODU-1(RTNRF-1),Uswatta_Rd-CM0903-23G/862-23-ODU-1(RTNRF-1),Colombo,Colombo,6.93378,6.95125,79.8875,79.8949,curw_orugodawatta,1.369299456781166,6.943741,79.87887,461,1686,2.097957200180166," 21,854.00 "," 23,086.00 ",23
GM0009,GM0071,Enderamulla-GM0009-23G/1517-24-ODU-1(RTNRF-1),Hunupitiya_N-GM0071-23G/1517-24-ODU-1(RTNRF-1),Gampaha,Gampaha,6.99205,7.003056,79.9128,79.911667,curw_orugodawatta,7.000547034746701,6.943741,79.87887,200,1425,1.2235832628377281," 23,142.00 "," 21,910.00 ",23
CM0173,CM0460,Thummulla-CM0173-26G/673-24-ODU-1(RTNRF-1),Josep Lane-CM0460-26G/673-24-ODU-1(RTNRF-1),Colombo,Colombo,6.894722,6.893611,79.861111,79.856111,curw_orugodawatta,5.922001978748496,6.943741,79.87887,1203,2428,0.5660939608394328," 25,098.50 "," 26,106.50 ",26
GM0009,GM0071,Enderamulla-GM0009-23G/1517-23-ODU-1(RTNRF-1),Hunupitiya_N-GM0071-23G/1517-23-ODU-1(RTNRF-1),Gampaha,Gampaha,6.99205,7.003056,79.9128,79.911667,curw_orugodawatta,7.000547034746701,6.943741,79.87887,199,1424,1.2235832628377281," 23,142.00 "," 21,910.00 ",23
CM0389,CM0651,Hemson_Ind-CM0389-26G/1285-24-ODU-1(RTNRF-1),Chatham_St-CM0651-26G/1285-24-ODU-1(RTNRF-1),Colombo,Colombo,6.93523,6.9348,79.8454,79.8434,curw_orugodawatta,3.9295941003754193,6.943741,79.87887,828,2053,0.22607874790305585," 26,078.50 "," 25,070.50 ",26
GM0022,GM0162,Kadawatha-GM0022-23G/912-24-ODU-1(RTNRF-1),Mahara_North-GM0162-23G/912-24-ODU-1(RTNRF-1),Gampaha,Gampaha,7.00115,6.99604,79.9452,79.9466,curw_orugodawatta,9.574097762660397,6.943741,79.87887,422,1647,0.5859090505496029," 23,142.00 "," 21,910.00 ",23
CM0426,CM0768,Alwis_Place-CM0426-26G/1410-23-ODU-1(RTNRF-1),Sheraton_Colombo_Indoor-CM0768-26G/1410-23-ODU-1(RTNRF-1),Colombo,Colombo,6.912778,6.915833,79.853611,79.848056,curw_orugodawatta,4.494078934070779,6.943741,79.87887,1043,2268,0.7007376756326209," 26,064.50 "," 25,056.50 ",26
CM0624,CM0673,Kathireshan_Street-CM0624-26G/1293-23-ODU-1(RTNRF-1),Sea_Street_N-CM0673-26G/1293-23-ODU-1(RTNRF-1),Colombo,Colombo,6.9417,6.94297,79.8548,79.8548,curw_orugodawatta,2.6644820984497963,6.943741,79.87887,286,1511,0.14044993431567648," 25,994.50 "," 24,986.50 ",26
CM0161,CM0163,Pettah-CM0161-23G/1320-24-ODU-1(RTNRF-1),Rangala_SLN-CM0163-23G/1320-24-ODU-1(RTNRF-1),Colombo,Colombo,6.94135,6.938611,79.8591,79.848611,curw_orugodawatta,2.795431432102369,6.943741,79.87887,302,1527,1.1980565369087484," 22,778.00 "," 21,546.00 ",23
GM0016,GM0374,Hekitta-GM0016-26G/1303-24-ODU-1(RTNRF-1),Lansiyawatta-GM0374-26G/1303-24-ODU-1(RTNRF-1),Gampaha,Gampaha,6.986944,6.984444,79.88,79.8725,curw_orugodawatta,4.648632060494059,6.943741,79.87887,180,1405,0.8736408558045691," 26,022.50 "," 25,014.50 ",26
CM0095,CM0295,Punchiborella-CM0095-26G/1361-23-ODU-1(RTNRF-1),Gothami_Balika-CM0295-26G/1361-23-ODU-1(RTNRF-1),Colombo,Colombo,6.919167,6.9244,79.873611,79.8718,curw_orugodawatta,2.52204013020019,6.943741,79.87887,1201,2426,0.6123498746488963," 26,106.50 "," 25,098.50 ",26
CM0262,CM0081,Dharmapala_Mw-CM0262-26G/810-23-ODU-1(RTNRF-1),Odel-CM0081-26G/810-23-ODU-1(RTNRF-1),Colombo,Colombo,6.916944,6.91707,79.863333,79.8655,curw_orugodawatta,3.3604073177666116,6.943741,79.87887,874,2099,0.2398902420098039," 26,078.50 "," 25,070.50 ",26
GM0009,GM0191,Enderamulla-GM0009-23G/899-23-ODU-1(RTNRF-1),Kurunduwatta-GM0191-23G/899-23-ODU-1(RTNRF-1),Gampaha,Gampaha,6.99205,6.98296,79.9128,79.8956,curw_orugodawatta,5.5909910772536655,6.943741,79.87887,223,1448,2.1500528037201647," 23,170.00 "," 21,938.00 ",23
GM0022,GM0162,Kadawatha-GM0022-23G/912-23-ODU-1(RTNRF-1),Mahara_North-GM0162-23G/912-23-ODU-1(RTNRF-1),Gampaha,Gampaha,7.00115,6.99604,79.9452,79.9466,curw_orugodawatta,9.574097762660397,6.943741,79.87887,421,1646,0.5859090505496029," 23,142.00 "," 21,910.00 ",23
CM0063,CM0464,Mattakkuliya-CM0063-26G/1176-24-ODU-1(RTNRF-1),Modara_St-CM0464-26G/1176-24-ODU-1(RTNRF-1),Colombo,Colombo,6.965278,6.97035,79.870278,79.8711,curw_orugodawatta,2.8115576741399173,6.943741,79.87887,408,1633,0.5682226787373219," 26,022.50 "," 25,014.50 ",26
CM0169,CM1327,Seylan_Tower-CM0169-18G/1913-24-ODU-1(RTNRF-1),CICT_Yard-CM1327-18G/1913-24-ODU-1(RTNRF-1),Colombo,Colombo,6.91748,6.943333,79.847,79.825833,curw_orugodawatta,4.917839452816062,6.943741,79.87887,1048,2273,3.694085324571552," 18,737.50 "," 17,727.50 ",18
CM0745,CM1300,McLarence_Buildng_IBS-CM0745-26G/1408-23-ODU-1(RTNRF-1),British_Council-CM1300-26G/1408-23-ODU-1(RTNRF-1),Colombo,Colombo,6.896389,6.899722,79.856944,79.856667,curw_orugodawatta,5.6100322497574275,6.943741,79.87887,216,1441,0.3698665750973403," 26,134.50 "," 25,126.50 ",26
CM0761,CM0871,Empire_Ind-CM0761-26G/834-23-ODU-1(RTNRF-1),Arts_Theatre_Ind-CM0871-26G/834-23-ODU-1(RTNRF-1),Colombo,Colombo,6.919167,6.910833,79.8575,79.863333,curw_orugodawatta,3.776452745933783,6.943741,79.87887,837,2062,1.1247271494820332," 26,106.50 "," 25,098.50 ",26
CM0059,CM0829,Maligakanda-CM0059-26G/1404-23-ODU-1(RTNRF-1),Symonds_Road_Lanka_Bell-CM0829-26G/1404-23-ODU-1(RTNRF-1),Colombo,Colombo,6.925,6.925278,79.8672,79.865,curw_orugodawatta,2.494720280394628,6.943741,79.87887,1074,2299,0.2450641484646414," 26,071.50 "," 25,063.50 ",26
CM0050,CM0239,Kolonnawa-CM0050-18G/694-23-ODU-1(RTNRF-1),Kohilawatta-CM0239-18G/694-23-ODU-1(RTNRF-1),Colombo,Colombo,6.93378,6.94503,79.8875,79.9145,curw_orugodawatta,2.4921304907925683,6.943741,79.87887,72,1297,3.232751346551396," 18,820.00 "," 17,810.00 ",18
GM0548,GM0632,Mabole_Zone_DBN-GM0548-23G/1515-23-ODU-1(RTNRF-1),Nayakkanda_Mobitel-GM0632-23G/1515-23-ODU-1(RTNRF-1),Gampaha,Gampaha,7.004444,6.998056,79.896389,79.880833,curw_orugodawatta,6.450401902069756,6.943741,79.87887,725,1950,1.8583739220159146," 23,142.00 "," 21,910.00 ",23
GM0040,GM0655,Peliyagoda DBN-GM0040-26G/1309-23-ODU-1(RTNRF-1),Peliyagoda junction relocation-GM0655-26G/1309-23-ODU-1(RTNRF-1),Gampaha,Gampaha,6.96324,6.955,79.8831,79.883889,curw_orugodawatta,1.7758898712976943,6.943741,79.87887,20,1245,0.9154278655435114," 25,042.50 "," 26,050.50 ",26
CM0396,CM1279,SLTA-CM0396-26G/1227-23-ODU-1(RTNRF-1),Maharaja HO-CM1279-26G/1227-23-ODU-1(RTNRF-1),Colombo,Colombo,6.910556,6.919167,79.859167,79.856944,curw_orugodawatta,3.935920989657288,6.943741,79.87887,1209,2434,0.9834732051321149," 25,098.50 "," 26,106.50 ",26
CM0260,CM0740,Kala_Traders-CM0260-23G/867-24-ODU-1(RTNRF-1),Unilever_Ind-CM0740-23G/867-24-ODU-1(RTNRF-1),Colombo,Colombo,6.928056,6.94161,79.876111,79.8689,curw_orugodawatta,1.2104479810471638,6.943741,79.87887,836,2061,1.6976059492452735," 23,030.00 "," 21,798.00 ",23
GM0014,GM0027,Gonawala-GM0014-18G/1337-25-ODU-1(RTNRF-1),Kelaniya-GM0027-18G/1337-25-ODU-1(RTNRF-1),Gampaha,Gampaha,6.95484,6.95735,79.9481,79.9163,curw_orugodawatta,6.049629167867524,6.943741,79.87887,809,2034,3.52502184323196," 17,810.00 "," 18,820.00 ",18
CM0764,CM0260,Hedges_Court_Ind-CM0764-23G/866-24-ODU-1(RTNRF-1),Kala_Traders-CM0260-23G/866-24-ODU-1(RTNRF-1),Colombo,Colombo,6.92161,6.928056,79.8649,79.876111,curw_orugodawatta,2.28624569069418,6.943741,79.87887,972,2197,1.4294045385532494," 21,854.00 "," 23,086.00 ",23
GM0016,CM0590,Hekiththa-GM0016-23G/760-24-ODU-1(RTNRF-1),Jubilee_Mw-CM0590-23G/760-24-ODU-1(RTNRF-1),Gampaha,Colombo,6.986944,6.96912,79.88,79.8788,curw_orugodawatta,3.792714008210768,6.943741,79.87887,988,2213,1.9756230110851851," 23,114.00 "," 21,882.00 ",23
CM0050,CM0348,Kolonnawa-CM0050-26G/1177-24-ODU-1(RTNRF-1),Salamulla-CM0348-26G/1177-24-ODU-1(RTNRF-1),Colombo,Colombo,6.93378,6.929167,79.8875,79.894444,curw_orugodawatta,1.9050359344429535,6.943741,79.87887,815,2040,0.9214904048230863," 26,078.50 "," 25,070.50 ",26
CM0174,CM0536,Thursten-CM0174-23G/1051-23-ODU-1(RTNRF-1),Bullers_Rd_South-CM0536-23G/1051-23-ODU-1(RTNRF-1),Colombo,Colombo,6.903611,6.898611,79.8575,79.869167,curw_orugodawatta,5.017397354691992,6.943741,79.87887,1069,2294,1.4029797591658943," 23,338.00 "," 22,106.00 ",23
CM1062,CM0591,Old_Moor_St_South-CM1062-26G/784-24-ODU-1(RTNRF-1),Pettah_South-CM0591-26G/784-24-ODU-1(RTNRF-1),Colombo,Colombo,6.938611,6.93928,79.858889,79.8606,curw_orugodawatta,2.1790605935646803,6.943741,79.87887,993,2218,0.2030411499010346," 25,042.50 "," 26,050.50 ",26
GM0015,GM0145,Handala-GM0015-23G/763-24-ODU-1(RTNRF-1),Kerawalapitiya-GM0145-23G/763-24-ODU-1(RTNRF-1),Gampaha,Gampaha,6.9977,7.00917,79.886,79.8851,curw_orugodawatta,6.642737424955294,6.943741,79.87887,877,2102,1.272368434497513," 23,058.00 "," 21,826.00 ",23
GM0015,GM0145,Handala-GM0015-23G/763-23-ODU-1(RTNRF-1),Kerawalapitiya-GM0145-23G/763-23-ODU-1(RTNRF-1),Gampaha,Gampaha,6.9977,7.00917,79.886,79.8851,curw_orugodawatta,6.642737424955294,6.943741,79.87887,876,2101,1.272368434497513," 23,058.00 "," 21,826.00 ",23
CM0460,CM0726,Joseph_Lane-CM0460-26G/674-23-ODU-1(RTNRF-1),Premier_Pacific_Ind-CM0726-26G/674-23-ODU-1(RTNRF-1),Colombo,Colombo,6.893611,6.893889,79.856111,79.857222,curw_orugodawatta,6.0486136274023785,6.943741,79.87887,927,2152,0.1265781601740849," 26,148.50 "," 25,140.50 ",26
GM0009,GM0251,Enderamulla-GM0009-26G/494-24-ODU-1(RTNRF-1),Enderamulla_West-GM0251-26G/494-24-ODU-1(RTNRF-1),Gampaha,Gampaha,6.99205,6.99383,79.9128,79.9062,curw_orugodawatta,6.407814230299206,6.943741,79.87887,378,1603,0.7553800261251332," 26,050.50 "," 25,042.50 ",26
CM0938,CM0178,Royal_Hospital-CM0938-26G/1407-23-ODU-1(RTNRF-1),Wellawatta_CENTRAL-CM0178-26G/1407-23-ODU-1(RTNRF-1),Colombo,Colombo,6.876111,6.875,79.863889,79.860833,curw_orugodawatta,7.758245779901026,6.943741,79.87887,1068,2293,0.3594150690587015," 25,063.50 "," 26,071.50 ",26
GM0045,GM0250,Thorana_Jn-GM0045-23G/701-24-ODU-1(RTNRF-1),Hunupitiya_South-GM0250-23G/701-24-ODU-1(RTNRF-1),Gampaha,Gampaha,6.968,6.97806,79.9058,79.9042,curw_orugodawatta,4.339275912606597,6.943741,79.87887,769,1994,1.1265027820822733," 21,854.00 "," 23,086.00 ",23
GM0027,GM0213,Kelaniya-GM0027-18G/971-24-ODU-1(RTNRF-1),Thambiligasmulla-GM0213-18G/971-24-ODU-1(RTNRF-1),Gampaha,Gampaha,6.95735,6.97855,79.9163,79.9376,curw_orugodawatta,5.949536456915081,6.943741,79.87887,273,1498,3.32215637709767," 18,765.00 "," 17,755.00 ",18
CM0745,CM1300,McLarence_Buildng_IBS-CM0745-26G/1408-24-ODU-1(RTNRF-1),British_Council-CM1300-26G/1408-24-ODU-1(RTNRF-1),Colombo,Colombo,6.896389,6.899722,79.856944,79.856667,curw_orugodawatta,5.6100322497574275,6.943741,79.87887,217,1442,0.3698665750973403," 26,134.50 "," 25,126.50 ",26
CM0050,CM1054,Kolonnawa-CM0050-18G/1446-23-ODU-1(RTNRF-1),Stace_Rd_Reloc-CM1054-18G/1446-23-ODU-1(RTNRF-1),Colombo,Colombo,6.93378,6.945556,79.8875,79.874444,curw_orugodawatta,0.506803964686611,6.943741,79.87887,682,1907,1.9436361897372976," 18,737.50 "," 17,727.50 ",18
CM0209,CM0517,Kotahena_North-CM0209-26G/1184-24-ODU-1(RTNRF-1),Mahawatta_Road-CM0517-26G/1184-24-ODU-1(RTNRF-1),Colombo,Colombo,6.96009,6.95895,79.8682,79.8709,curw_orugodawatta,2.0262751727387567,6.943741,79.87887,888,2113,0.32390552275912005," 26,050.50 "," 25,042.50 ",26
CM0396,CM1279,SLTA-CM0396-26G/1227-24-ODU-1(RTNRF-1),Maharaja HO-CM1279-26G/1227-24-ODU-1(RTNRF-1),Colombo,Colombo,6.910556,6.919167,79.859167,79.856944,curw_orugodawatta,3.935920989657288,6.943741,79.87887,1210,2435,0.9834732051321149," 25,098.50 "," 26,106.50 ",26
GM0015,GM0068,Handala-GM0015-23G/913-24-ODU-1(RTNRF-1),Elakanda-GM0068-23G/913-24-ODU-1(RTNRF-1),Gampaha,Gampaha,6.9977,6.994444,79.886,79.874722,curw_orugodawatta,5.789662937564833,6.943741,79.87887,94,1319,1.2971559475234236," 21,882.00 "," 23,114.00 ",23
CM0161,CM0624,Pettah-CM0161-26G/1251-23-ODU-1(RTNRF-1),Kathirasen_St-CM0624-26G/1251-23-ODU-1(RTNRF-1),Colombo,Colombo,6.94135,6.9417,79.8591,79.8548,curw_orugodawatta,2.4347151324054375,6.943741,79.87887,1208,2433,0.4767621807625353," 25,994.00 "," 24,986.00 ",26
CM0174,CM0536,Thursten-CM0174-23G/1051-24-ODU-1(RTNRF-1),Bullers_Rd_South-CM0536-23G/1051-24-ODU-1(RTNRF-1),Colombo,Colombo,6.903611,6.898611,79.8575,79.869167,curw_orugodawatta,5.017397354691992,6.943741,79.87887,1070,2295,1.4029797591658943," 23,338.00 "," 22,106.00 ",23
GM0045,GM0123,Thorana_Jn-GM0045-23G/1343-24-ODU-1(RTNRF-1),Iriyawetiya-GM0123-23G/1343-24-ODU-1(RTNRF-1),Gampaha,Gampaha,6.968,6.98066,79.9058,79.9158,curw_orugodawatta,4.888092851933888,6.943741,79.87887,818,2043,1.783611479414513," 23,058.00 "," 21,826.00 ",23
GM0027,GM0213,Kelaniya-GM0027-18G/971-23-ODU-1(RTNRF-1),Thambiligasmulla-GM0213-18G/971-23-ODU-1(RTNRF-1),Gampaha,Gampaha,6.95735,6.97855,79.9163,79.9376,curw_orugodawatta,5.949536456915081,6.943741,79.87887,272,1497,3.32215637709767," 18,765.00 "," 17,755.00 ",18
CM0050,CM0903,Kolonnawa-CM0050-23G/862-24-ODU-1(RTNRF-1),Uswatta_Rd-CM0903-23G/862-24-ODU-1(RTNRF-1),Colombo,Colombo,6.93378,6.95125,79.8875,79.8949,curw_orugodawatta,1.369299456781166,6.943741,79.87887,462,1687,2.097957200180166," 21,854.00 "," 23,086.00 ",23
CM0118,CM0282,Ward_Place-CM0118-26G/684-23-ODU-1(RTNRF-1),Barnes_Place-CM0282-26G/684-23-ODU-1(RTNRF-1),Colombo,Colombo,6.915833,6.913333,79.8725,79.873056,curw_orugodawatta,3.2941263791962494,6.943741,79.87887,1176,2401,0.2832218278685498," 25,098.50 "," 26,106.50 ",26
CM0174,CM0536,Thursten-CM0174-23G/1051-26-ODU-1(RTNRF-1),Bullers_Rd_South-CM0536-23G/1051-26-ODU-1(RTNRF-1),Colombo,Colombo,6.903611,6.898611,79.8575,79.869167,curw_orugodawatta,5.017397354691992,6.943741,79.87887,1072,2297,1.4029797591658943," 23,338.00 "," 22,106.00 ",23
CM0063,CM0464,Mattakkuliya-CM0063-26G/1176-23-ODU-1(RTNRF-1),Modara_St-CM0464-26G/1176-23-ODU-1(RTNRF-1),Colombo,Colombo,6.965278,6.97035,79.870278,79.8711,curw_orugodawatta,2.8115576741399173,6.943741,79.87887,407,1632,0.5682226787373219," 26,022.50 "," 25,014.50 ",26
CM0173,CM0460,Thummulla-CM0173-26G/673-23-ODU-1(RTNRF-1),Josep Lane-CM0460-26G/673-23-ODU-1(RTNRF-1),Colombo,Colombo,6.894722,6.893611,79.861111,79.856111,curw_orugodawatta,5.922001978748496,6.943741,79.87887,1202,2427,0.5660939608394328," 25,098.50 "," 26,106.50 ",26
CM0050,CM1054,Kolonnawa-CM0050-18G/1446-24-ODU-1(RTNRF-1),Stace_Rd_Reloc-CM1054-18G/1446-24-ODU-1(RTNRF-1),Colombo,Colombo,6.93378,6.945556,79.8875,79.874444,curw_orugodawatta,0.506803964686611,6.943741,79.87887,683,1908,1.9436361897372976," 18,737.50 "," 17,727.50 ",18
CM0209,CM0517,Kotahena_North-CM0209-26G/1184-23-ODU-1(RTNRF-1),Mahawatta_Road-CM0517-26G/1184-23-ODU-1(RTNRF-1),Colombo,Colombo,6.96009,6.95895,79.8682,79.8709,curw_orugodawatta,2.0262751727387567,6.943741,79.87887,887,2112,0.32390552275912005," 26,050.50 "," 25,042.50 ",26
CM0591,CM0013,Pettah_South-CM0591-26G/795-24-ODU-1(RTNRF-1),Dam_St_North-CM0013-26G/795-24-ODU-1(RTNRF-1),Colombo,Colombo,6.93928,6.93833,79.8606,79.8577,curw_orugodawatta,2.2465648460586114,6.943741,79.87887,1217,2442,0.3372591951854646," 24,986.50 "," 25,994.50 ",26
CM0682,CM0959,Passport_Office_Ind-CM0682-26G/648-23-ODU-1(RTNRF-1),Noris_Canal_Rd_Reloc-CM0959-26G/648-23-ODU-1(RTNRF-1),Colombo,Colombo,6.921667,6.918056,79.871667,79.870278,curw_orugodawatta,2.7813259769586067,6.943741,79.87887,1022,2247,0.4278287190711478," 25,042.50 "," 26,050.50 ",26
CM0474,CM0050,Orugodawatta_North-CM0474-23G/1486-24-ODU-1(RTNRF-1),Kolonnawa-CM0050-23G/1486-24-ODU-1(RTNRF-1),Colombo,Colombo,6.9496,6.93378,79.8771,79.8875,curw_orugodawatta,0.44172690529839265,6.943741,79.87887,1001,2226,2.0932675218927863," 21,910.00 "," 23,142.00 ",23
CM0805,CM0367,Kittanpahuwa-CM0805-26G/547-23-ODU-1(RTNRF-1),Wennawatta-CM0367-26G/547-23-ODU-1(RTNRF-1),Colombo,Colombo,6.94591,6.94449,79.8908,79.9042,curw_orugodawatta,2.0650815464095955,6.943741,79.87887,7,1232,1.4891116517355139," 25,098.50 "," 26,106.50 ",26
GM0535,GM0027,Sinharamulla-GM0535-23G/818-23-ODU-1(RTNRF-1),Kelaniya-GM0027-23G/818-23-ODU-1(RTNRF-1),Gampaha,Gampaha,6.951111,6.95735,79.903889,79.9163,curw_orugodawatta,3.64031027935531,6.943741,79.87887,338,1563,1.5352680171938373," 21,854.00 "," 23,086.00 ",23
CM0173,CM1032,Thummulla-CM0173-26G/1228-23-ODU-1(RTNRF-1),Devos_Lane-CM1032-26G/1228-23-ODU-1(RTNRF-1),Colombo,Colombo,6.894722,6.892222,79.861111,79.858333,curw_orugodawatta,5.948399556022124,6.943741,79.87887,1147,2372,0.41316224052299144," 26,022.50 "," 25,014.50 ",26
CM0260,CM1094,Kala traders-CM0260-23G/1599-23-ODU-1(RTNRF-1),CPC_HO_IBS-CM1094-23G/1599-23-ODU-1(RTNRF-1),Colombo,Colombo,6.928056,6.938333,79.876111,79.877778,curw_orugodawatta,1.1855938872437486,6.943741,79.87887,586,1811,1.1513715788363725," 23,198.00 "," 21,966.00 ",23
CM0050,CM0633,Kolonnawa-CM0050-26G/690-23-ODU-1(RTNRF-1),Kolonnawa_Town-CM0633-26G/690-23-ODU-1(RTNRF-1),Colombo,Colombo,6.93378,6.93295,79.8875,79.8938,curw_orugodawatta,1.735343683982703,6.943741,79.87887,795,2020,0.7022429547264869," 26,134.00 "," 25,126.00 ",26
GM0045,GM0372,Thorana_Jn-GM0045-26G/601-23-ODU-1(RTNRF-1),Dalugamgoda-GM0372-26G/601-23-ODU-1(RTNRF-1),Gampaha,Gampaha,6.968,6.97338,79.9058,79.9127,curw_orugodawatta,4.48917293454279,6.943741,79.87887,333,1558,0.9671351802507774," 25,966.50 "," 24,958.50 ",26
CM0174,CM0231,Thursten-CM0174-23G/1314-24-ODU-1(RTNRF-1),Bullers_Rd-CM0231-23G/1314-24-ODU-1(RTNRF-1),Colombo,Colombo,6.903611,6.902222,79.8575,79.868333,curw_orugodawatta,4.846836595130841,6.943741,79.87887,1109,2334,1.2070545277396396," 23,114.00 "," 21,882.00 ",23
CM0589,CM0062,Crow_Island-CM0589-26G/678-24-ODU-1(RTNRF-1),Mattakkuliya_North-CM0062-26G/678-24-ODU-1(RTNRF-1),Colombo,Colombo,6.97356,6.97301,79.8723,79.8757,curw_orugodawatta,3.311311783110844,6.943741,79.87887,381,1606,0.38059685843696006," 26,106.50 "," 25,098.50 ",26
GM0015,GM0584,Handala-GM0015-26G/1336-23-ODU-1(RTNRF-1),ALWIS_TOWN-GM0584-26G/1336-23-ODU-1(RTNRF-1),Gampaha,Gampaha,6.9977,6.991528,79.886,79.886,curw_orugodawatta,5.680976983896101,6.943741,79.87887,1191,2416,0.6825660691036747," 26,022.50 "," 25,014.50 ",26
CM0786,CM0421,Ascon_Ind-CM0786-26G/806-23-ODU-1(RTNRF-1),Mahawela_Gardens-CM0421-26G/806-23-ODU-1(RTNRF-1),Colombo,Colombo,6.93818,6.93997,79.8787,79.8806,curw_orugodawatta,0.5231650386566464,6.943741,79.87887,882,2107,0.2885715427418543," 25,028.50 "," 26,036.50 ",26
CM0027,CM0302,Grandpass-CM0027-26G/838-24-ODU-1(RTNRF-1),Cyril_C_Perera_Mw-CM0302-26G/838-24-ODU-1(RTNRF-1),Colombo,Colombo,6.94608,6.94584,79.8699,79.8651,curw_orugodawatta,1.2802176613204241,6.943741,79.87887,14,1239,0.5311014688298169," 26,064.50 "," 25,056.50 ",26
CM0883,CM0165,Jayasumanarama_Airtel-CM0883-23G/924-23-ODU-1(RTNRF-1),Ratmalana-CM0165-23G/924-23-ODU-1(RTNRF-1),Colombo,Colombo,6.815833,6.83251,79.867778,79.8677,curw_thurstan_college,8.75947871922284,6.90293,79.85932,485,1710,1.8443288224765877," 23,211.00 "," 21,979.00 ",23
CM0165,CM0342,Ratmalana-CM0165-23G/930-24-ODU-1(RTNRF-1),Ratmalana_East-CM0342-23G/930-24-ODU-1(RTNRF-1),Colombo,Colombo,6.83251,6.82144,79.8677,79.881,curw_thurstan_college,8.562565332273037,6.90293,79.85932,1128,2353,1.9131119760766038," 21,938.00 "," 23,170.00 ",23
CM0883,CM0165,Jayasumanarama_Airtel-CM0883-23G/924-24-ODU-1(RTNRF-1),Ratmalana-CM0165-23G/924-24-ODU-1(RTNRF-1),Colombo,Colombo,6.815833,6.83251,79.867778,79.8677,curw_thurstan_college,8.75947871922284,6.90293,79.85932,486,1711,1.8443288224765877," 23,211.00 "," 21,979.00 ",23
CM0165,CM0342,Ratmalana-CM0165-23G/930-23-ODU-1(RTNRF-1),Ratmalana_East-CM0342-23G/930-23-ODU-1(RTNRF-1),Colombo,Colombo,6.83251,6.82144,79.8677,79.881,curw_thurstan_college,8.562565332273037,6.90293,79.85932,1127,2352,1.9131119760766038," 21,938.00 "," 23,170.00 ",23
KA0038,KA0004,Muruthalawa-KA0038-15G/559-24-ODU-1(RTNRF-1),Galagedara-KA0004-15G/559-24-ODU-1(RTNRF-1),Kandy,Kandy,7.29597,7.36747,80.573,80.5387,curw_uduwawala,6.317422497176798,7.329,80.613,860,2085,8.767524130963155," 15,047.00 "," 14,557.00 ",15
KA0038,KA0004,Muruthalawa-KA0038-15G/559-23-ODU-1(RTNRF-1),Galagedara-KA0004-15G/559-23-ODU-1(RTNRF-1),Kandy,Kandy,7.29597,7.36747,80.573,80.5387,curw_uduwawala,6.317422497176798,7.329,80.613,859,2084,8.767524130963155," 15,047.00 "," 14,557.00 ",15
GM0092,GM0154,Pugoda-GM0092-18G/781-23-ODU-1(RTNRF-1),Mithirigala-GM0154-18G/781-23-ODU-1(RTNRF-1),Gampaha,Gampaha,6.97811,7.00463,80.1212,80.1326,curw_waga,9.403282439503206,6.90678,80.118275,1136,2361,3.1919380848395718," 17,810.00 "," 18,820.00 ",18
GM0066,GM0242,Dompe-GM0066-18G/676-23-ODU-1(RTNRF-1),Wanaluwawa-GM0242-18G/676-23-ODU-1(RTNRF-1),Gampaha,Gampaha,6.94313,6.97581,80.068,80.0852,curw_waga,7.427318851714441,6.90678,80.118275,121,1346,4.083418835371441," 18,765.00 "," 17,755.00 ",18
GM0092,GM0154,Pugoda-GM0092-18G/781-24-ODU-1(RTNRF-1),Mithirigala-GM0154-18G/781-24-ODU-1(RTNRF-1),Gampaha,Gampaha,6.97811,7.00463,80.1212,80.1326,curw_waga,9.403282439503206,6.90678,80.118275,1137,2362,3.1919380848395718," 17,810.00 "," 18,820.00 ",18
GM0092,GM0423,Pugoda-GM0092-23G/745-23-ODU-1(RTNRF-1),Kapugoda_North-GM0423-23G/745-23-ODU-1(RTNRF-1),Gampaha,Gampaha,6.97811,6.96681,80.1212,80.1035,curw_waga,7.293035151067442,6.90678,80.118275,1038,2263,2.3210239042738423," 21,826.00 "," 23,058.00 ",23
GM0092,GM0300,Pugoda-GM0092-18G/697-23-ODU-1(RTNRF-1),Mithirigala_East-GM0300-18G/697-23-ODU-1(RTNRF-1),Gampaha,Gampaha,6.97811,6.9825,80.1212,80.1585,curw_waga,8.473510408559303,6.90678,80.118275,1014,2239,4.150139350365124," 17,782.50 "," 18,792.50 ",18
GM0066,GM0207,Dompe-GM0066-23G/845-23-ODU-1(RTNRF-1),Dompe_Town-GM0207-23G/845-23-ODU-1(RTNRF-1),Gampaha,Gampaha,6.94313,6.95102,80.068,80.0521,curw_waga,7.826998521875592,6.90678,80.118275,474,1699,1.9617999590046487," 21,826.00 "," 23,058.00 ",23
GM0066,GM0242,Dompe-GM0066-18G/676-24-ODU-1(RTNRF-1),Wanaluwawa-GM0242-18G/676-24-ODU-1(RTNRF-1),Gampaha,Gampaha,6.94313,6.97581,80.068,80.0852,curw_waga,7.427318851714441,6.90678,80.118275,122,1347,4.083418835371441," 18,765.00 "," 17,755.00 ",18
GM0092,GM0112,Pugoda-GM0092-18G/784-23-ODU-1(RTNRF-1),Mandawala-GM0112-18G/784-23-ODU-1(RTNRF-1),Gampaha,Gampaha,6.97811,6.99485,80.1212,80.09,curw_waga,8.92466530985524,6.90678,80.118275,1066,2291,3.9131663385892446," 17,755.00 "," 18,765.00 ",18
GM0092,GM0112,Pugoda-GM0092-18G/784-24-ODU-1(RTNRF-1),Mandawala-GM0112-18G/784-24-ODU-1(RTNRF-1),Gampaha,Gampaha,6.97811,6.99485,80.1212,80.09,curw_waga,8.92466530985524,6.90678,80.118275,1067,2292,3.9131663385892446," 17,755.00 "," 18,765.00 ",18
GM0430,GM0066,Lansiyahena-GM0430-23G/1658-23-ODU-1(RTNRF-1),Dompe_Dialog-GM0066-23G/1658-23-ODU-1(RTNRF-1),Gampaha,Gampaha,6.928389,6.94313,80.060528,80.068,curw_waga,6.774915730950393,6.90678,80.118275,453,1678,1.8274114175285257," 23,058.00 "," 21,826.00 ",23
