cell_tower_id1,cell_tower_id2,source1_name,source2_name,device_name_1,device_name_2,frequency1,frequency2,frequency_band,latitude1,longitude1,latitude2,longitude2,district1,district2,id_1,id_2,nearest_precip_station,nearest_precip_lat,nearest_precip_long,distance,PathLength
CM0805,CM0367,Kittanpahuwa-CM0805-26G/547-23-ODU-1(RTNRF-1),Wennawatta-CM0367-26G/547-23-ODU-1(RTNRF-1),Kittanpahuwa-CM0805-26G/547,Wennawatta-CM0367-26G/547," 25,098.50 "," 26,106.50 ",26.0,6.9459100000000005,79.8908,6.944489999999999,79.9042,Colombo,Colombo,7.0,1232.0,curw_orugodawatta,6.943741,79.87886999999999,2.0650815464109975,1.4891116517355512
CM0027,CM0302,Grandpass-CM0027-26G/838-24-ODU-1(RTNRF-1),Cyril_C_Perera_Mw-CM0302-26G/838-24-ODU-1(RTNRF-1),Grandpass-CM0027-26G/838,Cyril_C_Perera_Mw-CM0302-26G/838," 26,064.50 "," 25,056.50 ",26.0,6.94608,79.8699,6.94584,79.8651,Colombo,Colombo,14.0,1239.0,curw_orugodawatta,6.943741,79.87886999999999,1.2802176613190446,0.5311014688298169
GM0040,GM0655,Peliyagoda DBN-GM0040-26G/1309-23-ODU-1(RTNRF-1),Peliyagoda junction relocation-GM0655-26G/1309-23-ODU-1(RTNRF-1),Peliyagoda DBN-GM0040-26G/1309,Peliyagoda junction relocation-GM0655-26G/1309," 25,042.50 "," 26,050.50 ",26.0,6.963239999999999,79.8831,6.955,79.883889,Gampaha,Gampaha,20.0,1245.0,curw_orugodawatta,6.943741,79.87886999999999,1.7758898712980145,0.9154278655434236
CM0050,CM0903,Kolonnawa-CM0050-23G/862-24-ODU-1(RTNRF-1),Uswatta_Rd-CM0903-23G/862-24-ODU-1(RTNRF-1),Kolonnawa-CM0050-23G/862,Uswatta_Rd-CM0903-23G/862," 21,854.00 "," 23,086.00 ",23.0,6.9337800000000005,79.8875,6.95125,79.8949,Colombo,Colombo,462.0,1687.0,curw_orugodawatta,6.943741,79.87886999999999,1.3692994567825654,2.0979572001800846
CM0050,CM0793,Kolonnawa-CM0050-26G/597-23-ODU-1(RTNRF-1),Kolonnawa_North-CM0793-26G/597-23-ODU-1(RTNRF-1),Kolonnawa-CM0050-26G/597,Kolonnawa_North-CM0793-26G/597," 25,994.50 "," 24,986.50 ",26.0,6.9337800000000005,79.8875,6.9383,79.8857,Colombo,Colombo,560.0,1785.0,curw_orugodawatta,6.943741,79.87886999999999,1.2062507645807934,0.5379939173386122
CM0260,CM1094,Kala traders-CM0260-23G/1599-24-ODU-1(RTNRF-1),CPC_HO_IBS-CM1094-23G/1599-24-ODU-1(RTNRF-1),Kala traders-CM0260-23G/1599,CPC_HO_IBS-CM1094-23G/1599," 23,198.00 "," 21,966.00 ",23.0,6.928056,79.876111,6.938333,79.877778,Colombo,Colombo,587.0,1812.0,curw_orugodawatta,6.943741,79.87886999999999,1.1855938872434963,1.1513715788363725
CM0302,CM1043,Cyril_C_Perera_Mw-CM0302-26G/778-24-ODU-1(RTNRF-1),Jethawana_Rd-CM1043-26G/778-24-ODU-1(RTNRF-1),Cyril_C_Perera_Mw-CM0302-26G/778,Jethawana_Rd-CM1043-26G/778," 25,014.50 "," 26,022.50 ",26.0,6.94584,79.8651,6.94422,79.8666,Colombo,Colombo,679.0,1904.0,curw_orugodawatta,6.943741,79.87886999999999,1.4458618383466961,0.24407824345675205
CM0050,CM1054,Kolonnawa-CM0050-18G/1446-24-ODU-1(RTNRF-1),Stace_Rd_Reloc-CM1054-18G/1446-24-ODU-1(RTNRF-1),Kolonnawa-CM0050-18G/1446,Stace_Rd_Reloc-CM1054-18G/1446," 18,737.50 "," 17,727.50 ",18.0,6.9337800000000005,79.8875,6.945556,79.874444,Colombo,Colombo,683.0,1908.0,curw_orugodawatta,6.943741,79.87886999999999,0.5068039646871771,1.943636189737238
CM0050,CM0633,Kolonnawa-CM0050-26G/690-24-ODU-1(RTNRF-1),Kolonnawa_Town-CM0633-26G/690-24-ODU-1(RTNRF-1),Kolonnawa-CM0050-26G/690,Kolonnawa_Town-CM0633-26G/690," 26,134.00 "," 25,126.00 ",26.0,6.9337800000000005,79.8875,6.93295,79.8938,Colombo,Colombo,796.0,2021.0,curw_orugodawatta,6.943741,79.87886999999999,1.7353436839837582,0.7022429547264984
CM0050,CM0348,Kolonnawa-CM0050-26G/1177-24-ODU-1(RTNRF-1),Salamulla-CM0348-26G/1177-24-ODU-1(RTNRF-1),Kolonnawa-CM0050-26G/1177,Salamulla-CM0348-26G/1177," 26,078.50 "," 25,070.50 ",26.0,6.9337800000000005,79.8875,6.929167,79.894444,Colombo,Colombo,815.0,2040.0,curw_orugodawatta,6.943741,79.87886999999999,1.9050359344438776,0.921490404823135
CM0912,CM0860,Kotawila_Rd-CM0912-26G/563-23-ODU-1(RTNRF-1),Wennawatta_South-CM0860-26G/563-23-ODU-1(RTNRF-1),Kotawila_Rd-CM0912-26G/563,Wennawatta_South-CM0860-26G/563," 24,902.50 "," 25,910.50 ",26.0,6.94689,79.8986,6.943,79.8968,Colombo,Colombo,824.0,2049.0,curw_orugodawatta,6.943741,79.87886999999999,2.0851263301998517,0.4739583965701712
CM0260,CM0740,Kala_Traders-CM0260-23G/867-24-ODU-1(RTNRF-1),Unilever_Ind-CM0740-23G/867-24-ODU-1(RTNRF-1),Kala_Traders-CM0260-23G/867,Unilever_Ind-CM0740-23G/867," 23,030.00 "," 21,798.00 ",23.0,6.928056,79.876111,6.941610000000001,79.8689,Colombo,Colombo,836.0,2061.0,curw_orugodawatta,6.943741,79.87886999999999,1.2104479810463464,1.6976059492453512
CM0786,CM0421,Ascon_Ind-CM0786-26G/806-24-ODU-1(RTNRF-1),Mahawela_Gardens-CM0421-26G/806-24-ODU-1(RTNRF-1),Ascon_Ind-CM0786-26G/806,Mahawela_Gardens-CM0421-26G/806," 25,028.50 "," 26,036.50 ",26.0,6.93818,79.8787,6.93997,79.8806,Colombo,Colombo,883.0,2108.0,curw_orugodawatta,6.943741,79.87886999999999,0.5231650386568779,0.2885715427418543
CM0474,CM0050,Orugodawatta_North-CM0474-23G/1486-24-ODU-1(RTNRF-1),Kolonnawa-CM0050-23G/1486-24-ODU-1(RTNRF-1),Orugodawatta_North-CM0474-23G/1486,Kolonnawa-CM0050-23G/1486," 21,910.00 "," 23,142.00 ",23.0,6.9496,79.8771,6.9337800000000005,79.8875,Colombo,Colombo,1001.0,2226.0,curw_orugodawatta,6.943741,79.87886999999999,0.4417269052995086,2.093267521892713
CM0127,CM1131,Battaramulla-CM0127-23G/828-24-ODU-1(RTNRF-1),Buthgamuwa_Rd_Reloc-CM1131-23G/828-24-ODU-1(RTNRF-1),Battaramulla-CM0127-23G/828,Buthgamuwa_Rd_Reloc-CM1131-23G/828," 23,114.00 "," 21,882.00 ",23.0,6.90607,79.9149,6.913889,79.91,Colombo,Colombo,37.0,1262.0,curw_IBATTARA2,6.9079999999999995,79.919,0.7562603919946495,1.0202797454045018
CM0400,CM0244,Kotte_BSC-CM0400-23G/1510-24-ODU-1(RTNRF-1),Parliament_Grounds_Mobitel-CM0244-23G/1510-24-ODU-1(RTNRF-1),Kotte_BSC-CM0400-23G/1510,Parliament_Grounds_Mobitel-CM0244-23G/1510," 23,044.00 "," 21,812.00 ",23.0,6.887778,79.902222,6.894444,79.916667,Colombo,Colombo,70.0,1295.0,curw_IBATTARA2,6.9079999999999995,79.919,2.145644717773953,1.7584579553561026
CM0127,CM0204,Battaramulla-CM0127-26G/1165-24-ODU-1(RTNRF-1),Kalapaluwawa-CM0204-26G/1165-24-ODU-1(RTNRF-1),Battaramulla-CM0127-26G/1165,Kalapaluwawa-CM0204-26G/1165," 26,022.50 "," 25,014.50 ",26.0,6.90607,79.9149,6.915278,79.916389,Colombo,Colombo,173.0,1398.0,curw_IBATTARA2,6.9079999999999995,79.919,0.4743102016623584,1.031526489038061
CM0127,CM0953,Battaramulla-CM0127-23G/1523-23-ODU-1(RTNRF-1),Fairway Sky Gardens Indoor-CM0953-23G/1523-23-ODU-1(RTNRF-1),Battaramulla-CM0127-23G/1523,Fairway Sky Gardens Indoor-CM0953-23G/1523," 23,044.00 "," 21,812.00 ",23.0,6.90607,79.9149,6.913889,79.903611,Colombo,Colombo,481.0,1706.0,curw_IBATTARA2,6.9079999999999995,79.919,1.098952666237822,1.5179812975049878
CM0127,CM0802,Battaramulla-CM0127-26G/1210-24-ODU-1(RTNRF-1),Madinnagoda_South-CM0802-26G/1210-24-ODU-1(RTNRF-1),Battaramulla-CM0127-26G/1210,Madinnagoda_South-CM0802-26G/1210," 25,867.00 "," 24,859.00 ",26.0,6.90607,79.9149,6.9101,79.907,Colombo,Colombo,511.0,1736.0,curw_IBATTARA2,6.9079999999999995,79.919,0.8897091836257882,0.9802560418317469
CM0127,CM0801,Battaramulla-CM0127-26G/561-24-ODU-1(RTNRF-1),Gothatuwa_South-CM0801-26G/561-24-ODU-1(RTNRF-1),Battaramulla-CM0127-26G/561,Gothatuwa_South-CM0801-26G/561," 26,134.50 "," 25,126.50 ",26.0,6.90607,79.9149,6.9172,79.9133,Colombo,Colombo,513.0,1738.0,curw_IBATTARA2,6.9079999999999995,79.919,0.6744296193070228,1.2435070715197913
CM0127,CM0965,Battaramulla-CM0127-26G/1237-23-ODU-1(RTNRF-1),Battaramulla_East-CM0965-26G/1237-23-ODU-1(RTNRF-1),Battaramulla-CM0127-26G/1237,Battaramulla_East-CM0965-26G/1237," 25,994.50 "," 24,986.50 ",26.0,6.90607,79.9149,6.903055999999999,79.905833,Colombo,Colombo,964.0,2189.0,curw_IBATTARA2,6.9079999999999995,79.919,1.0270718566728865,1.0560448139227698
GM0118,CM0424,Malwana-GM0118-13G/623-25-ODU-1(RTNRF-1),Malabe_S-CM0424-13G/623-25-ODU-1(RTNRF-1),Malwana-GM0118-13G/623,Malabe_S-CM0424-13G/623," 12,765.00 "," 13,031.00 ",13.0,6.951960000000001,80.0225,6.8941669999999995,79.96,Gampaha,Colombo,55.0,1280.0,curw_malabe,6.9039600000000005,79.95738,4.298206335060375,9.410476948856926
CM1213,CM0424,Asiri_Place_Atel-CM1213-23G/1639-23-ODU-1(RTNRF-1),Malabe_South-CM0424-23G/1639-23-ODU-1(RTNRF-1),Asiri_Place_Atel-CM1213-23G/1639,Malabe_South-CM0424-23G/1639," 21,910.00 "," 23,142.00 ",23.0,6.913611,79.955833,6.8941669999999995,79.96,Colombo,Colombo,165.0,1390.0,curw_malabe,6.9039600000000005,79.95738,0.05981036827166409,2.1990801789771806
CM0424,CM0422,Malabe_South-CM0424-23G/1499-25-ODU-1(RTNRF-1),Thalangama_West-CM0422-23G/1499-25-ODU-1(RTNRF-1),Malabe_South-CM0424-23G/1499,Thalangama_West-CM0422-23G/1499," 23,030.00 "," 21,798.00 ",23.0,6.8941669999999995,79.96,6.896089999999999,79.923,Colombo,Colombo,209.0,1434.0,curw_malabe,6.9039600000000005,79.95738,2.0084955461831644,4.0947554908366985
CM0424,CM0542,MALABE_SOUTH-CM0424-18G/1785-23-ODU-1(RTNRF-1),ETHULKOTTE_SOUTH-CM0542-18G/1785-23-ODU-1(RTNRF-1),MALABE_SOUTH-CM0424-18G/1785,ETHULKOTTE_SOUTH-CM0542-18G/1785," 18,902.00 "," 17,892.00 ",18.0,6.8941669999999995,79.96,6.893611,79.908333,Colombo,Colombo,235.0,1460.0,curw_malabe,6.9039600000000005,79.95738,2.7968532888052695,5.710567748580674
CM0345,CM0864,Korathota-CM0345-23G/596-24-ODU-1(RTNRF-1),Alubogahalanda_North-CM0864-23G/596-24-ODU-1(RTNRF-1),Korathota-CM0345-23G/596,Alubogahalanda_North-CM0864-23G/596," 23,058.00 "," 21,826.00 ",23.0,6.9093100000000005,79.9973,6.907222,79.97555600000001,Colombo,Colombo,537.0,1762.0,curw_malabe,6.9039600000000005,79.95738,3.2454292086764287,2.414143086482343
CM0424,CM0981,MALABE_SOUTH-CM0424-18G/1786-23-ODU-1(RTNRF-1),Pore-CM0981-18G/1786-23-ODU-1(RTNRF-1),MALABE_SOUTH-CM0424-18G/1786,Pore-CM0981-18G/1786, / , / ,18.0,6.8941669999999995,79.96,6.887778,79.982778,Colombo,Colombo,813.0,2038.0,curw_malabe,6.9039600000000005,79.95738,2.1118833401251806,2.614714570940054
CM0873,CM0422,Pelawatta_Jn-CM0873-26G/1167-24-ODU-1(RTNRF-1),Thalangama_West-CM0422-26G/1167-24-ODU-1(RTNRF-1),Pelawatta_Jn-CM0873-26G/1167,Thalangama_West-CM0422-26G/1167," 26,050.50 "," 25,042.50 ",26.0,6.8916699999999995,79.929,6.896089999999999,79.923,Colombo,Colombo,997.0,2222.0,curw_malabe,6.9039600000000005,79.95738,3.6428358896943642,0.823809657347632
CM1270,CM0424,SAITM_Hospital_Ind-CM1270-18G/1484-24-ODU-1(RTNRF-1),Malabe_South-CM0424-18G/1484-24-ODU-1(RTNRF-1),SAITM_Hospital_Ind-CM1270-18G/1484,Malabe_South-CM0424-18G/1484," 18,847.50 "," 17,837.50 ",18.0,6.92421,79.9628,6.8941669999999995,79.96,Colombo,Colombo,1083.0,2308.0,curw_malabe,6.9039600000000005,79.95738,0.7291938011376801,3.3368451485045387
CM0001,CM0037,Anderson_Rd-CM0001-26G/921-24-ODU-1(RTNRF-1),Kalubowila-CM0037-26G/921-24-ODU-1(RTNRF-1),Anderson_Rd-CM0001-26G/921,Kalubowila-CM0037-26G/921," 24,986.50 "," 25,994.50 ",26.0,6.858333,79.88166700000001,6.865833,79.87944399999999,Colombo,Colombo,86.0,1311.0,curw_kohuwala,6.860887,79.885825,0.5972542358554149,0.8650532013962349
CM0037,CM0380,Kalubowila-CM0037-26G/1163-24-ODU-1(RTNRF-1),Wanarathana_Rd-CM0380-26G/1163-24-ODU-1(RTNRF-1),Kalubowila-CM0037-26G/1163,Wanarathana_Rd-CM0380-26G/1163," 26,134.50 "," 25,126.50 ",26.0,6.865833,79.87944399999999,6.856389,79.876111,Colombo,Colombo,761.0,1986.0,curw_kohuwala,6.860887,79.885825,0.8898157148013383,1.1074785729623073
CM0565,CM0608,Poorwarama-CM0565-26G/1161-24-ODU-1(RTNRF-1),Balapokuna_East-CM0608-26G/1161-24-ODU-1(RTNRF-1),Poorwarama-CM0565-26G/1161,Balapokuna_East-CM0608-26G/1161," 26,106.50 "," 25,098.50 ",26.0,6.877778,79.882222,6.874722,79.887222,Colombo,Colombo,1089.0,2314.0,curw_kohuwala,6.860887,79.885825,1.7033647570159607,0.6477721003285062
CM0115,CM0015,Udahamulla-CM0115-23G/1301-24-ODU-1(RTNRF-1),Delkanda_RT-CM0015-23G/1301-24-ODU-1(RTNRF-1),Udahamulla-CM0115-23G/1301,Delkanda_RT-CM0015-23G/1301," 21,854.00 "," 23,086.00 ",23.0,6.8674100000000005,79.9103,6.8686110000000005,79.8975,Colombo,Colombo,1120.0,2345.0,curw_kohuwala,6.860887,79.885825,2.1474878677997316,1.4209535238935347
CM0573,CM0157,Pepiliyana_Town-CM0573-23G/1384-24-ODU-1(RTNRF-1),Nedimala_Suntel-CM0157-23G/1384-24-ODU-1(RTNRF-1),Pepiliyana_Town-CM0573-23G/1384,Nedimala_Suntel-CM0157-23G/1384," 21,826.00 "," 23,058.00 ",23.0,6.852778,79.894444,6.85,79.878333,Colombo,Colombo,1156.0,2381.0,curw_kohuwala,6.860887,79.885825,1.0522297027303857,1.8070526720083164
CM0150,CM0964,Landmark-CM0150-26G/869-24-ODU-1(RTNRF-1),Kollupitiya_South-CM0964-26G/869-24-ODU-1(RTNRF-1),Landmark-CM0150-26G/869,Kollupitiya_South-CM0964-26G/869," 25,994.50 "," 24,986.50 ",26.0,6.903611,79.8525,6.898333,79.85333299999999,Colombo,Colombo,129.0,1354.0,curw_thurstan_college,6.9029300000000005,79.85932,0.7400885313622473,0.5909111413773429
CM0745,CM1300,McLarence_Buildng_IBS-CM0745-26G/1408-24-ODU-1(RTNRF-1),British_Council-CM1300-26G/1408-24-ODU-1(RTNRF-1),McLarence_Buildng_IBS-CM0745-26G/1408,British_Council-CM1300-26G/1408," 26,134.50 "," 25,126.50 ",26.0,6.896389,79.856944,6.899722,79.856667,Colombo,Colombo,217.0,1442.0,curw_thurstan_college,6.9029300000000005,79.85932,0.6064872404824969,0.3698665750973403
CM0378,CM0707,Jaya_Rd-CM0378-26G/832-24-ODU-1(RTNRF-1),Majestic_Ind-CM0707-26G/832-24-ODU-1(RTNRF-1),Jaya_Rd-CM0378-26G/832,Majestic_Ind-CM0707-26G/832," 26,022.50 "," 25,014.50 ",26.0,6.88709,79.8562,6.8941669999999995,79.855,Colombo,Colombo,300.0,1525.0,curw_thurstan_college,6.9029300000000005,79.85932,1.4211929845036104,0.7938048318166254
CM0174,CM1195,Jantha_Courts-CM0174-23G/1524-24-ODU-1(RTNRF-1),Suncity(Cinammon Red)-CM1195-23G/1524-24-ODU-1(RTNRF-1),Jantha_Courts-CM0174-23G/1524,Suncity(Cinammon Red)-CM1195-23G/1524," 23,030.00 "," 21,798.00 ",23.0,6.903611,79.8575,6.912222,79.855556,Colombo,Colombo,364.0,1589.0,curw_thurstan_college,6.9029300000000005,79.85932,0.631916630079518,0.976227907329555
CM0150,CM0522,Landmark-CM0150-26G/1301-23-ODU-1(RTNRF-1),Albert_Crecent-CM0522-26G/1301-23-ODU-1(RTNRF-1),Landmark-CM0150-26G/1301,Albert_Crecent-CM0522-26G/1301," 26,071.00 "," 25,063.00 ",26.0,6.903611,79.8525,6.9086110000000005,79.863333,Colombo,Colombo,400.0,1625.0,curw_thurstan_college,6.9029300000000005,79.85932,0.38446612607031305,1.318757340532612
CM0761,CM0871,Empire_Ind-CM0761-26G/834-23-ODU-1(RTNRF-1),Arts_Theatre_Ind-CM0871-26G/834-23-ODU-1(RTNRF-1),Empire_Ind-CM0761-26G/834,Arts_Theatre_Ind-CM0871-26G/834," 26,106.50 "," 25,098.50 ",26.0,6.919167,79.8575,6.910833,79.863333,Colombo,Colombo,837.0,2062.0,curw_thurstan_college,6.9029300000000005,79.85932,1.3403148600245374,1.1247271494820332
CM0460,CM0726,Joseph_Lane-CM0460-26G/674-24-ODU-1(RTNRF-1),Premier_Pacific_Ind-CM0726-26G/674-24-ODU-1(RTNRF-1),Joseph_Lane-CM0460-26G/674,Premier_Pacific_Ind-CM0726-26G/674," 26,148.50 "," 25,140.50 ",26.0,6.893611,79.856111,6.893889,79.857222,Colombo,Colombo,928.0,2153.0,curw_thurstan_college,6.9029300000000005,79.85932,1.0567270596975464,0.1265781601740849
CM0174,CM0940,Thursten_Road_Dialog(Janatha Court BSC)-CM0174-23G/1506-24-ODU-1(RTNRF-1),Independence_Avenue_Suntel-CM0940-23G/1506-24-ODU-1(RTNRF-1),Thursten_Road_Dialog(Janatha Court BSC)-CM0174-23G/1506,Independence_Avenue_Suntel-CM0940-23G/1506," 23,030.00 "," 21,798.00 ",23.0,6.903611,79.8575,6.9086110000000005,79.865,Colombo,Colombo,1053.0,2278.0,curw_thurstan_college,6.9029300000000005,79.85932,0.41140133892075376,0.9963912011966763
CM0174,CM0536,Thursten-CM0174-23G/1051-26-ODU-1(RTNRF-1),Bullers_Rd_South-CM0536-23G/1051-26-ODU-1(RTNRF-1),Thursten-CM0174-23G/1051,Bullers_Rd_South-CM0536-23G/1051," 23,338.00 "," 22,106.00 ",23.0,6.903611,79.8575,6.898611,79.869167,Colombo,Colombo,1072.0,2297.0,curw_thurstan_college,6.9029300000000005,79.85932,0.48704852703323465,1.4029797591658943
CM0174,CM0231,Thursten-CM0174-23G/1314-24-ODU-1(RTNRF-1),Bullers_Rd-CM0231-23G/1314-24-ODU-1(RTNRF-1),Thursten-CM0174-23G/1314,Bullers_Rd-CM0231-23G/1314," 23,114.00 "," 21,882.00 ",23.0,6.903611,79.8575,6.902222,79.86833299999999,Colombo,Colombo,1109.0,2334.0,curw_thurstan_college,6.9029300000000005,79.85932,0.3974804277182839,1.2070545277382452
CM0173,CM1032,Thummulla-CM0173-26G/1228-24-ODU-1(RTNRF-1),Devos_Lane-CM1032-26G/1228-24-ODU-1(RTNRF-1),Thummulla-CM0173-26G/1228,Devos_Lane-CM1032-26G/1228," 26,022.50 "," 25,014.50 ",26.0,6.894722,79.861111,6.892222,79.858333,Colombo,Colombo,1148.0,2373.0,curw_thurstan_college,6.9029300000000005,79.85932,1.0469061650900833,0.41316224052299144
CM0173,CM1032,Thummulla-CM0173-26G/1228-24-ODU-1(RTNRF-1),Devos_Lane-CM1032-26G/1228-24-ODU-1(RTNRF-1),Thummulla-CM0173-26G/1228,Devos_Lane-CM1032-26G/1228," 26,022.50 "," 25,014.50 ",26.0,6.894722,79.861111,6.892222,79.858333,Colombo,Colombo,1148.0,2373.0,curw_thurstan_college,6.9029300000000005,79.85932,1.0469061650900833,0.41316224052299144
CM0173,CM0523,Thummulla-CM0173-26G/915-24-ODU-1(RTNRF-1),Kassapa_Road-CM0523-26G/915-24-ODU-1(RTNRF-1),Thummulla-CM0173-26G/915,Kassapa_Road-CM0523-26G/915," 25,865.00 "," 24,857.00 ",26.0,6.894722,79.861111,6.893889,79.86444399999999,Colombo,Colombo,1150.0,2375.0,curw_thurstan_college,6.9029300000000005,79.85932,1.027483702157156,0.37970721919360106
CM0173,CM0460,Thummulla-CM0173-26G/673-24-ODU-1(RTNRF-1),Josep Lane-CM0460-26G/673-24-ODU-1(RTNRF-1),Thummulla-CM0173-26G/673,Josep Lane-CM0460-26G/673," 25,098.50 "," 26,106.50 ",26.0,6.894722,79.861111,6.893611,79.856111,Colombo,Colombo,1203.0,2428.0,curw_thurstan_college,6.9029300000000005,79.85932,0.9723205811080096,0.5660939608394328
CM0396,CM1279,SLTA-CM0396-26G/1227-24-ODU-1(RTNRF-1),Maharaja HO-CM1279-26G/1227-24-ODU-1(RTNRF-1),SLTA-CM0396-26G/1227,Maharaja HO-CM1279-26G/1227," 25,098.50 "," 26,106.50 ",26.0,6.910556,79.859167,6.919167,79.856944,Colombo,Colombo,1210.0,2435.0,curw_thurstan_college,6.9029300000000005,79.85932,1.326888364011498,0.9834732051321149
CM0148,CM0491,Kotahena-CM0148-26G/774-24-ODU-1(RTNRF-1),Sugathadasa_North-CM0491-26G/774-24-ODU-1(RTNRF-1),Kotahena-CM0148-26G/774,Sugathadasa_North-CM0491-26G/774," 26,106.50 "," 25,098.50 ",26.0,6.95016,79.8641,6.95158,79.8722,Colombo,Colombo,135.0,1360.0,curw_mutwal,6.958710000000001,79.8609,1.1805125433030672,0.9087757223216222
GM0015,CM0019,Handala-GM0015-18G/1625-24-ODU-1(RTNRF-1),Ellie_House-CM0019-18G/1625-24-ODU-1(RTNRF-1),Handala-GM0015-18G/1625,Ellie_House-CM0019-18G/1625," 17,727.50 "," 18,737.50 ",18.0,6.9977,79.88600000000001,6.96351,79.8636,Gampaha,Colombo,332.0,1557.0,curw_mutwal,6.958710000000001,79.8609,2.867460920681335,4.519211449018288
CM0063,CM0464,Mattakkuliya-CM0063-26G/1176-24-ODU-1(RTNRF-1),Modara_St-CM0464-26G/1176-24-ODU-1(RTNRF-1),Mattakkuliya-CM0063-26G/1176,Modara_St-CM0464-26G/1176," 26,022.50 "," 25,014.50 ",26.0,6.965278,79.870278,6.97035,79.8711,Colombo,Colombo,408.0,1633.0,curw_mutwal,6.958710000000001,79.8609,1.4777695180808916,0.5682226787373219
CM0148,CM0276,Kotahena-CM0148-26G/831-24-ODU-1(RTNRF-1),Gunananda_Mw-CM0276-26G/831-24-ODU-1(RTNRF-1),Kotahena-CM0148-26G/831,Gunananda_Mw-CM0276-26G/831," 25,865.00 "," 24,857.00 ",26.0,6.95016,79.8641,6.953333,79.861389,Colombo,Colombo,735.0,1960.0,curw_mutwal,6.958710000000001,79.8609,0.7966151625793103,0.46139307846823074
CM0209,CM0517,Kotahena_North-CM0209-26G/1184-24-ODU-1(RTNRF-1),Mahawatta_Road-CM0517-26G/1184-24-ODU-1(RTNRF-1),Kotahena_North-CM0209-26G/1184,Mahawatta_Road-CM0517-26G/1184," 26,050.50 "," 25,042.50 ",26.0,6.960089999999999,79.8682,6.95895,79.8709,Colombo,Colombo,888.0,2113.0,curw_mutwal,6.958710000000001,79.8609,0.9600548244456371,0.32390552275908574
CM0239,CM0366,Kohilawatta-CM0239-23G/761-24-ODU-1(RTNRF-1),Kelanimulla-CM0366-23G/761-24-ODU-1(RTNRF-1),Kohilawatta-CM0239-23G/761,Kelanimulla-CM0366-23G/761," 23,114.00 "," 21,882.00 ",23.0,6.94503,79.9145,6.94393,79.9273,Colombo,Colombo,184.0,1409.0,curw_ambatale,6.9357619999999995,79.947458,3.0892083182404377,1.4197267251460366
CM0035,CM0632,Kaduwela DBN-CM0035-26G/1363-23-ODU-1(RTNRF-1),Kaduwela_Town-CM0632-26G/1363-23-ODU-1(RTNRF-1),Kaduwela DBN-CM0035-26G/1363,Kaduwela_Town-CM0632-26G/1363," 26,071.50 "," 25,063.50 ",26.0,6.932860000000001,79.9847,6.9358,79.9839,Colombo,Colombo,487.0,1712.0,curw_ambatale,6.9357619999999995,79.947458,4.07450419776175,0.3369413164218056
GM0167,GM0576,Biyagama_EPZ-GM0167-26G/1268-24-ODU-1(RTNRF-1),MAS_Intimo_Biyagama_IBS-GM0576-26G/1268-24-ODU-1(RTNRF-1),Biyagama_EPZ-GM0167-26G/1268,MAS_Intimo_Biyagama_IBS-GM0576-26G/1268," 25,126.50 "," 26,134.50 ",26.0,6.953889,80.007778,6.959444,79.949167,Gampaha,Gampaha,533.0,1758.0,curw_ambatale,6.9357619999999995,79.947458,4.134162040356703,6.505900787304113
CM0053,CM0797,Kotikawatta_DBN-CM0053-26G/596-24-ODU-1(RTNRF-1),Kotikawatta_South-CM0797-26G/596-24-ODU-1(RTNRF-1),Kotikawatta_DBN-CM0053-26G/596,Kotikawatta_South-CM0797-26G/596," 25,126.50 "," 26,134.50 ",26.0,6.935556,79.914167,6.92975,79.9198,Colombo,Colombo,692.0,1917.0,curw_ambatale,6.9357619999999995,79.947458,3.3852618460093873,0.8943119855348125
GM0014,GM0027,Gonawala-GM0014-18G/1337-25-ODU-1(RTNRF-1),Kelaniya-GM0027-18G/1337-25-ODU-1(RTNRF-1),Gonawala-GM0014-18G/1337,Kelaniya-GM0027-18G/1337," 17,810.00 "," 18,820.00 ",18.0,6.954839999999999,79.9481,6.95735,79.9163,Gampaha,Gampaha,809.0,2034.0,curw_ambatale,6.9357619999999995,79.947458,2.8105872274491785,3.5250218432319667
CM0275,CM0588,Welivita-CM0275-23G/683-24-ODU-1(RTNRF-1),Hewagama-CM0588-23G/683-24-ODU-1(RTNRF-1),Welivita-CM0275-23G/683,Hewagama-CM0588-23G/683," 23,058.00 "," 21,826.00 ",23.0,6.92893,79.9662,6.931667,79.97416700000001,Colombo,Colombo,1058.0,2283.0,curw_ambatale,6.9357619999999995,79.947458,2.5830754701939536,0.9310225321585536
CM0424,CM0422,Malabe_South-CM0424-23G/1499-25-ODU-1(RTNRF-1),Thalangama_West-CM0422-23G/1499-25-ODU-1(RTNRF-1),Malabe_South-CM0424-23G/1499,Thalangama_West-CM0422-23G/1499," 23,030.00 "," 21,798.00 ",23.0,6.8941669999999995,79.96,6.896089999999999,79.923,Colombo,Colombo,209.0,1434.0,curw_kottawa_dharmapala_north,6.865576,79.95818100000001,3.7523644399615406,4.0947554908366985
CM0424,CM0184,Malabe_South-CM0424-18G/1236-24-ODU-1(RTNRF-1),Athurugiriya_Town-CM0184-18G/1236-24-ODU-1(RTNRF-1),Malabe_South-CM0424-18G/1236,Athurugiriya_Town-CM0184-18G/1236," 17,850.00 "," 18,860.00 ",18.0,6.8941669999999995,79.96,6.877778,79.989722,Colombo,Colombo,229.0,1454.0,curw_kottawa_dharmapala_north,6.865576,79.95818100000001,2.9131807709312985,3.751771267200962
CM0149,CM1111,Kottawa_Town-CM0149-23G/1491-24-ODU-1(RTNRF-1),Malapalla-CM1111-23G/1491-24-ODU-1(RTNRF-1),Kottawa_Town-CM0149-23G/1491,Malapalla-CM1111-23G/1491," 23,058.00 "," 21,826.00 ",23.0,6.843056,79.964722,6.841480000000001,79.9777,Colombo,Colombo,456.0,1681.0,curw_kottawa_dharmapala_north,6.865576,79.95818100000001,2.952686938711991,1.4450324401607215
CM0056,CM0409,Maharagama-CM0056-18G/970-24-ODU-1(RTNRF-1),Pelanwatta-CM0409-18G/970-24-ODU-1(RTNRF-1),Maharagama-CM0056-18G/970,Pelanwatta-CM0409-18G/970," 17,782.50 "," 18,792.50 ",18.0,6.839460000000001,79.9271,6.826944,79.953056,Colombo,Colombo,460.0,1685.0,curw_kottawa_dharmapala_north,6.865576,79.95818100000001,4.101445887062335,3.1854565867449436
CM0361,CM0512,Athurugiriya_South-CM0361-26G/859-24-ODU-1(RTNRF-1),Rukmalgama-CM0512-26G/859-24-ODU-1(RTNRF-1),Athurugiriya_South-CM0361-26G/859,Rukmalgama-CM0512-26G/859," 24,986.50 "," 25,994.50 ",26.0,6.866111,79.99638900000001,6.85787,79.9828,Colombo,Colombo,786.0,2011.0,curw_kottawa_dharmapala_north,6.865576,79.95818100000001,3.4946073686112773,1.7568364092156998
CM0424,CM0879,Pothuarawa-CM0424-23G/655-24-ODU-1(RTNRF-1),Kalalgoda_East-CM0879-23G/655-24-ODU-1(RTNRF-1),Pothuarawa-CM0424-23G/655,Kalalgoda_East-CM0879-23G/655," 23,058.00 "," 21,826.00 ",23.0,6.8941669999999995,79.96,6.870360000000001,79.955,Colombo,Colombo,1159.0,2384.0,curw_kottawa_dharmapala_north,6.865576,79.95818100000001,1.8470079171083038,2.69019146146846
CM0875,CM0513,Pamunuwa Relocat-CM0875-23G/718-24-ODU-1(RTNRF-1),Kalalgoda Dialog-CM0513-23G/718-24-ODU-1(RTNRF-1),Pamunuwa Relocat-CM0875-23G/718,Kalalgoda Dialog-CM0513-23G/718," 23,114.00 "," 21,882.00 ",23.0,6.8580559999999995,79.92694399999999,6.866639999999999,79.9451,Colombo,Colombo,1179.0,2404.0,curw_kottawa_dharmapala_north,6.865576,79.95818100000001,2.4750458604165706,2.219946027724928
CM0424,CM0436,Malabe_South-CM0424-23G/699-24-ODU-1(RTNRF-1),Udumulla_RT-CM0436-23G/699-24-ODU-1(RTNRF-1),Malabe_South-CM0424-23G/699,Udumulla_RT-CM0436-23G/699," 23,058.00 "," 21,826.00 ",23.0,6.8941669999999995,79.96,6.9274,79.9407,Colombo,Colombo,221.0,1446.0,curw_mulleriyawa,6.923571000000001,79.941176,1.7400584370966021,4.249350100961763
CM0438,CM0638,Heenetikumbura-CM0438-23G/595-23-ODU-1(RTNRF-1),Welivita_West-CM0638-23G/595-23-ODU-1(RTNRF-1),Heenetikumbura-CM0438-23G/595,Welivita_West-CM0638-23G/595," 21,854.00 "," 23,086.00 ",23.0,6.91367,79.9318,6.92117,79.9469,Colombo,Colombo,620.0,1845.0,curw_mulleriyawa,6.923571000000001,79.941176,0.7095428642891788,1.8635294601799235
CM0053,CM0797,Kotikawatta_DBN-CM0053-26G/596-24-ODU-1(RTNRF-1),Kotikawatta_South-CM0797-26G/596-24-ODU-1(RTNRF-1),Kotikawatta_DBN-CM0053-26G/596,Kotikawatta_South-CM0797-26G/596," 25,126.50 "," 26,134.50 ",26.0,6.935556,79.914167,6.92975,79.9198,Colombo,Colombo,692.0,1917.0,curw_mulleriyawa,6.923571000000001,79.941176,2.8559974756679543,0.8943119855348125
CM0124,CM0586,Angoda-CM0124-26G/1185-24-ODU-1(RTNRF-1),Himbutana_West-CM0586-26G/1185-24-ODU-1(RTNRF-1),Angoda-CM0124-26G/1185,Himbutana_West-CM0586-26G/1185," 25,928.00 "," 24,920.00 ",26.0,6.9302779999999995,79.92805600000001,6.922339999999999,79.9316,Colombo,Colombo,897.0,2122.0,curw_mulleriyawa,6.923571000000001,79.941176,1.2901357403829419,0.96127242071196
CM0124,CM0425,Angoda-CM0124-23G/1313-24-ODU-1(RTNRF-1),Aggona_RT-CM0425-23G/1313-24-ODU-1(RTNRF-1),Angoda-CM0124-23G/1313,Aggona_RT-CM0425-23G/1313," 23,156.00 "," 21,924.00 ",23.0,6.9302779999999995,79.92805600000001,6.915833,79.923333,Colombo,Colombo,914.0,2139.0,curw_mulleriyawa,6.923571000000001,79.941176,1.711859060162173,1.680587215023356
JA0003,JA0038,Jaffna_SLT-JA0003-23G/886-23-ODU-1(RTNRF-1),Karaiyur-JA0038-23G/886-23-ODU-1(RTNRF-1),Jaffna_SLT-JA0003-23G/886,Karaiyur-JA0038-23G/886," 21,910.00 "," 23,142.00 ",23.0,9.66563,80.006,9.655278,80.020833,Jaffna,Jaffna,484.0,1709.0,curw_jaffna,9.6607949,80.0298459,1.8035407792927973,1.9902737331188463
JA0022,JA0003,Chundukuli MTU-JA0022-18G/1159-25-ODU-1(RTNRF-1),Jaffna_SLT-JA0003-18G/1159-25-ODU-1(RTNRF-1),Chundukuli MTU-JA0022-18G/1159,Jaffna_SLT-JA0003-18G/1159," 17,855.00 "," 18,865.00 ",18.0,9.655710000000001,80.0335,9.66563,80.006,Jaffna,Jaffna,559.0,1784.0,curw_jaffna,9.6607949,80.0298459,1.108123042834522,3.2114080312298814
JA0097,JA0124,Nallur_North-JA0097-23G/705-24-ODU-1(RTNRF-1),Nallur_East-JA0124-23G/705-24-ODU-1(RTNRF-1),Nallur_North-JA0097-23G/705,Nallur_East-JA0124-23G/705," 23,058.00 "," 21,826.00 ",23.0,9.68633,80.0419,9.672222,80.0425,Jaffna,Jaffna,703.0,1928.0,curw_jaffna,9.6607949,80.0298459,2.4528964493567336,1.5618135033512892
JA0038,JA0127,Kareiyu-JA0038-26G/1328-23-ODU-1(RTNRF-1),Chundukkuli_Town-JA0127-26G/1328-23-ODU-1(RTNRF-1),Kareiyu-JA0038-26G/1328,Chundukkuli_Town-JA0127-26G/1328," 25,014.50 "," 26,022.50 ",26.0,9.655278,80.020833,9.658638999999999,80.020833,Jaffna,Jaffna,757.0,1982.0,curw_jaffna,9.6607949,80.0298459,1.0763522440965827,0.37174517884169955
JA0097,JA0029,Nallur_North-JA0097-23G/1034-23-ODU-1(RTNRF-1),Nallur-JA0029-23G/1034-23-ODU-1(RTNRF-1),Nallur_North-JA0097-23G/1034,Nallur-JA0029-23G/1034," 23,058.00 "," 21,826.00 ",23.0,9.68633,80.0419,9.67653,80.0323,Jaffna,Jaffna,842.0,2067.0,curw_jaffna,9.6607949,80.0298459,2.417223132436601,1.5115811776886923
JA0022,JA0123,Chundukkuli-JA0022-26G/724-24-ODU-1(RTNRF-1),Chundukkuli_North-JA0123-26G/724-24-ODU-1(RTNRF-1),Chundukkuli-JA0022-26G/724,Chundukkuli_North-JA0123-26G/724," 25,938.50 "," 24,930.50 ",26.0,9.655710000000001,80.0335,9.657210000000001,80.0389,Jaffna,Jaffna,983.0,2208.0,curw_jaffna,9.6607949,80.0298459,0.8462958057498771,0.6154477927895987
JA0097,JA0147,Nallur_North-JA0097-18G/1684-24-ODU-1(RTNRF-1),Colombuthurai-JA0147-18G/1684-24-ODU-1(RTNRF-1),Nallur_North-JA0097-18G/1684,Colombuthurai-JA0147-18G/1684," 18,765.00 "," 17,755.00 ",18.0,9.68633,80.0419,9.655555999999999,80.0475,Jaffna,Jaffna,1194.0,2419.0,curw_jaffna,9.6607949,80.0298459,1.9792712007261155,3.4588174592555263
